event_id,name,url,image_url,date,time,status,segment,genre,subgenre,venue_name,venue_city,venue_address,venue_lat,venue_lon,price_min,price_max,currency,day_of_week,month_name,month_num,year,hour
Z698xZq2Z16vF3k9G0,MAMMA MIA! THE PARTY,https://www.ticketmaster.se/event/mamma-mia-the-party-tickets/1212197324?language=en-us,https://s1.ticketm.net/dam/e/d78/e055a3c6-df72-44c6-9c2a-adff8b7bcd78_CUSTOM.jpg,2026-04-11,19:30:00,onsale,Arts & Theatre,Theatre,Miscellaneous,Tyrol,Stockholm,Lilla Allmänna Gränd 2,59.324127,18.096259,,,,Saturday,April,4,2026,19
Z698xZq2Z1k37ef-A,Eric Idle,https://www.ticketmaster.se/event/eric-idle-tickets/484094845?language=en-us,https://s1.ticketm.net/dam/e/d88/0cbf49c5-f18e-4a38-ae44-0dcf61442d88_RECOMENDATION_16_9.jpg,2026-04-14,19:00:00,onsale,Arts & Theatre,Comedy,Comedy,Cirkus,Stockholm,Djurgårdsslätten 43-45,59.32457,18.09969,,,,Tuesday,April,4,2026,19
Z698xZq2Z1k4z847s,MAMMA MIA! THE PARTY,https://www.ticketmaster.se/event/mamma-mia-the-party-tickets/578415131?language=en-us,https://s1.ticketm.net/dam/e/196/c0ed667f-634b-4ead-8a88-6ac7d2dc2196_CUSTOM.jpg,2026-04-16,18:30:00,onsale,Arts & Theatre,Theatre,Musical,Tyrol,Stockholm,Lilla Allmänna Gränd 2,59.324127,18.096259,,,,Thursday,April,4,2026,18
Z698xZq2Z1kFaqPqP,MAMMA MIA! THE PARTY,https://www.ticketmaster.se/event/mamma-mia-the-party-tickets/209765765?language=en-us,https://s1.ticketm.net/dam/e/5a1/96b792e6-8fc9-4992-ad64-6b1d795c85a1_RETINA_PORTRAIT_3_2.jpg,2026-04-17,18:30:00,onsale,Arts & Theatre,Theatre,Musical,Tyrol,Stockholm,Lilla Allmänna Gränd 2,59.324127,18.096259,,,,Friday,April,4,2026,18
Z698xZq2Z16vbkFU0b,MAMMA MIA! THE PARTY,https://www.ticketmaster.se/event/mamma-mia-the-party-tickets/1606236918?language=en-us,https://s1.ticketm.net/dam/e/77e/e520232d-227d-4eaf-af18-8fc08ff7577e_TABLET_LANDSCAPE_LARGE_16_9.jpg,2026-04-18,13:00:00,onsale,Arts & Theatre,Theatre,Miscellaneous,Tyrol,Stockholm,Lilla Allmänna Gränd 2,59.324127,18.096259,,,,Saturday,April,4,2026,13
Z698xZq2Z1k7kbNZp,"5 Seconds of Summer - EVERYONE'S A STAR! WORLD TOUR, Platinum tickets",https://www.ticketmaster.se/event/5-seconds-of-summer-everyones-a-star-world-tour-platinum-tickets-tickets/106623016?language=en-us,https://s1.ticketm.net/dam/a/fc0/23c8d778-e594-414e-8eab-307d6355dfc0_ARTIST_PAGE_3_2.jpg,2026-04-18,19:00:00,onsale,Music,Rock,Pop,Hovet,Stockholm,,59.33233,18.06293,,,,Saturday,April,4,2026,19
Z698xZq2Z16v7Ax6up,MAMMA MIA! THE PARTY,https://www.ticketmaster.se/event/mamma-mia-the-party-tickets/1105887356?language=en-us,https://s1.ticketm.net/dam/e/a0d/dd7f8e15-926a-4e43-a4f4-f383a5756a0d_RETINA_PORTRAIT_16_9.jpg,2026-04-18,19:30:00,onsale,Arts & Theatre,Theatre,Musical,Tyrol,Stockholm,Lilla Allmänna Gränd 2,59.324127,18.096259,,,,Saturday,April,4,2026,19
Z698xZq2Z16vAgbJjd,"Matt Rife: Stay Golden World Tour, Platinum Tickets",https://www.ticketmaster.se/event/matt-rife-stay-golden-world-tour-platinum-tickets-tickets/1175626703?language=en-us,https://s1.ticketm.net/dam/a/0c9/ca006906-7ad8-4113-ba63-f20659fd30c9_TABLET_LANDSCAPE_3_2.jpg,2026-04-20,19:30:00,onsale,Arts & Theatre,Comedy,Comedy,,Stockholm,Globentorget 2,59.29416,18.08081,,,,Monday,April,4,2026,19
Z698xZq2Z16vjZPaOs,Rhythm of the Dance,https://www.ticketmaster.se/event/rhythm-of-the-dance-tickets/1700949831?language=en-us,https://s1.ticketm.net/dam/e/0ee/03d1602c-7a6a-4df6-937f-a5a8241bc0ee_SOURCE,2026-04-21,19:00:00,onsale,Arts & Theatre,Dance,Dance,Cirkus,Stockholm,Djurgårdsslätten 43-45,59.32457,18.09969,,,,Tuesday,April,4,2026,19
Z698xZq2Z16vj_edo8,MAMMA MIA! THE PARTY,https://www.ticketmaster.se/event/mamma-mia-the-party-tickets/1719083450?language=en-us,https://s1.ticketm.net/dam/e/20f/5ed3d767-833a-4037-887d-ec646e72c20f_RETINA_PORTRAIT_3_2.jpg,2026-04-23,18:30:00,onsale,Arts & Theatre,Theatre,Musical,Tyrol,Stockholm,Lilla Allmänna Gränd 2,59.324127,18.096259,,,,Thursday,April,4,2026,18
Z698xZq2Z1kjFjJeK,MAMMA MIA! THE PARTY,https://www.ticketmaster.se/event/mamma-mia-the-party-tickets/708726093?language=en-us,https://s1.ticketm.net/dam/e/8af/5f0a9f26-3732-47ab-bc36-d652b6ceb8af_TABLET_LANDSCAPE_3_2.jpg,2026-04-24,18:30:00,onsale,Arts & Theatre,Theatre,Miscellaneous,Tyrol,Stockholm,Lilla Allmänna Gränd 2,59.324127,18.096259,,,,Friday,April,4,2026,18
Z698xZq2Z1kqFbY0t,Innellea (DJ Set),https://www.ticketmaster.se/event/innellea-dj-set--tickets/748630929?language=en-us,https://s1.ticketm.net/dam/e/683/3776bd48-f855-4a3d-8580-7332c0bcf683_RETINA_LANDSCAPE_16_9.jpg,2026-04-24,22:00:00,onsale,Music,Dance/Electronic,Dance/Electronic,Berns,Stockholm,Berzelii Park,59.33226,18.07509,,,,Friday,April,4,2026,22
Z698xZq2Z1kFNPIoO,MAMMA MIA! THE PARTY,https://www.ticketmaster.se/event/mamma-mia-the-party-tickets/223968460?language=en-us,https://s1.ticketm.net/dam/e/f0e/6b5807c3-3d8d-41ec-9b23-eff5c5bb0f0e_RETINA_PORTRAIT_3_2.jpg,2026-04-25,13:00:00,onsale,Arts & Theatre,Theatre,Musical,Tyrol,Stockholm,Lilla Allmänna Gränd 2,59.324127,18.096259,,,,Saturday,April,4,2026,13
Z698xZq2Z16vea_0e8,MAMMA MIA! THE PARTY,https://www.ticketmaster.se/event/mamma-mia-the-party-tickets/1089664090?language=en-us,https://s1.ticketm.net/dam/e/3b6/7dc5297e-7504-4232-b7b5-84385892b3b6_EVENT_DETAIL_PAGE_16_9.jpg,2026-04-25,19:30:00,onsale,Arts & Theatre,Theatre,Miscellaneous,Tyrol,Stockholm,Lilla Allmänna Gränd 2,59.324127,18.096259,,,,Saturday,April,4,2026,19
Z698xZq2Z1ke43fF6,"Tame Impala, Platinum Tickets",https://www.ticketmaster.se/event/tame-impala-platinum-tickets-tickets/95494207?language=en-us,https://s1.ticketm.net/dam/a/8b4/0c49343b-d625-479b-9540-ec541d0f58b4_SOURCE,2026-04-26,20:00:00,onsale,Music,Rock,Pop,,Stockholm,Globentorget 2,59.29416,18.08081,,,,Sunday,April,4,2026,20
Z698xZq2Z1kOy44_9,MAMMA MIA! THE PARTY,https://www.ticketmaster.se/event/mamma-mia-the-party-tickets/839555657?language=en-us,https://s1.ticketm.net/dam/a/08d/3e62af05-2974-4fea-836f-c0c75ed0008d_RETINA_LANDSCAPE_16_9.jpg,2026-04-30,18:30:00,onsale,Arts & Theatre,Theatre,Musical,Tyrol,Stockholm,Lilla Allmänna Gränd 2,59.324127,18.096259,,,,Thursday,April,4,2026,18
Z698xZq2Z16vOzx_OY,MAMMA MIA! THE PARTY,https://www.ticketmaster.se/event/mamma-mia-the-party-tickets/1838899830?language=en-us,https://s1.ticketm.net/dam/e/e9d/2a400df1-e26a-4143-a128-4c8ffb1dfe9d_EVENT_DETAIL_PAGE_16_9.jpg,2026-05-01,18:30:00,onsale,Arts & Theatre,Theatre,Musical,Tyrol,Stockholm,Lilla Allmänna Gränd 2,59.324127,18.096259,,,,Friday,May,5,2026,18
Z698xZq2Z16vfzPoqK,MAMMA MIA! THE PARTY,https://www.ticketmaster.se/event/mamma-mia-the-party-tickets/1538951753?language=en-us,https://s1.ticketm.net/dam/e/421/8a7bafc7-e3e0-48de-b200-3e0f1b674421_EVENT_DETAIL_PAGE_16_9.jpg,2026-05-02,13:00:00,onsale,Arts & Theatre,Theatre,Musical,Tyrol,Stockholm,Lilla Allmänna Gränd 2,59.324127,18.096259,,,,Saturday,May,5,2026,13
Z698xZq2Z1kFbv8Zg,The Blitz,https://www.ticketmaster.se/event/the-blitz-tickets/218050035?language=en-us,https://s1.ticketm.net/dam/e/333/588270db-59cc-4916-b3b9-e6c7abb3a333_CUSTOM.jpg,2026-05-02,18:00:00,onsale,Sports,Martial Arts,Mixed Martial Arts,Göta Lejon,Stockholm,Götgatan 55,59.31378,18.07384,,,,Saturday,May,5,2026,18
Z698xZq2Z16vvN1_ea,MAMMA MIA! THE PARTY,https://www.ticketmaster.se/event/mamma-mia-the-party-tickets/1063299089?language=en-us,https://s1.ticketm.net/dam/e/bc9/ee69d70f-d432-4a34-b47b-991d8ef95bc9_SOURCE,2026-05-02,19:30:00,onsale,Arts & Theatre,Theatre,Musical,Tyrol,Stockholm,Lilla Allmänna Gränd 2,59.324127,18.096259,,,,Saturday,May,5,2026,19
Z698xZq2Z1k7oO_03,FAMILY SHOW - MAMMA MIA! THE PARTY,https://www.ticketmaster.se/event/family-show-mamma-mia-the-party-tickets/111819912?language=en-us,https://s1.ticketm.net/dam/e/d72/772b8772-3bbe-439a-9e85-fb4d2f8d9d72_ARTIST_PAGE_3_2.jpg,2026-05-03,16:00:00,onsale,Miscellaneous,Family,Other,Tyrol,Stockholm,Lilla Allmänna Gränd 2,59.324127,18.096259,,,,Sunday,May,5,2026,16
Z698xZq2Z16vF00347,Aries: GLASS JAW WORLD TOUR,https://www.ticketmaster.se/event/aries-glass-jaw-world-tour-tickets/1224912544?language=en-us,https://s1.ticketm.net/dam/e/9bc/e2742ad0-a745-4004-b598-83b3d59a79bc_TABLET_LANDSCAPE_16_9.jpg,2026-05-03,19:30:00,onsale,Music,Other,Other,,Stockholm,Hornstulls strand 4,59.31465,18.03185,,,,Sunday,May,5,2026,19
Z698xZq2Z1kxb0y1v,Ásgeir,https://www.ticketmaster.se/event/asgeir-tickets/898939281?language=en-us,https://s1.ticketm.net/dam/a/106/1d6da2f1-e1b8-405f-9d5b-9735ab83f106_EVENT_DETAIL_PAGE_16_9.jpg,2026-05-03,20:00:00,onsale,Music,Rock,Pop,,Stockholm,Styckmästergatan 10,59.29224,18.08012,,,,Sunday,May,5,2026,20
Z698xZq2Z1k7tfavE,MAMMA MIA! THE PARTY,https://www.ticketmaster.se/event/mamma-mia-the-party-tickets/129509067?language=en-us,https://s1.ticketm.net/dam/e/56a/29c10fef-e8c6-410d-989b-c2f77876556a_TABLET_LANDSCAPE_LARGE_16_9.jpg,2026-05-07,18:30:00,onsale,Arts & Theatre,Theatre,Miscellaneous,Tyrol,Stockholm,Lilla Allmänna Gränd 2,59.324127,18.096259,,,,Thursday,May,5,2026,18
Z698xZq2Z16vakZg-y,Björn Säfsten - Haunted desires,https://www.ticketmaster.se/event/bjorn-safsten-haunted-desires-tickets/1246035879?language=en-us,https://s1.ticketm.net/dam/a/917/22132fa2-32a8-48f0-9565-6801e75ab917_RETINA_PORTRAIT_3_2.jpg,2026-05-07,21:00:00,onsale,Arts & Theatre,Dance,Dance,Dansens Hus Studioscen,Stockholm,Barnhusgatan 12-14,59.33623,18.05644,,,,Thursday,May,5,2026,21
Z698xZq2Z1k7kb7uU,MAMMA MIA! THE PARTY,https://www.ticketmaster.se/event/mamma-mia-the-party-tickets/106604376?language=en-us,https://s1.ticketm.net/dam/e/932/cdc6d36c-820e-4258-9165-fb87cd762932_RETINA_PORTRAIT_16_9.jpg,2026-05-08,18:30:00,onsale,Arts & Theatre,Theatre,Musical,Tyrol,Stockholm,Lilla Allmänna Gränd 2,59.324127,18.096259,,,,Friday,May,5,2026,18
Z698xZq2Z16v_Erdvx,Björn Säfsten - Haunted desires,https://www.ticketmaster.se/event/bjorn-safsten-haunted-desires-tickets/1667783062?language=en-us,https://s1.ticketm.net/dam/a/917/22132fa2-32a8-48f0-9565-6801e75ab917_RETINA_PORTRAIT_3_2.jpg,2026-05-08,21:00:00,onsale,Arts & Theatre,Dance,Dance,Dansens Hus Studioscen,Stockholm,Barnhusgatan 12-14,59.33623,18.05644,,,,Friday,May,5,2026,21
Z698xZq2Z1kQ9_Za4,MAMMA MIA! THE PARTY,https://www.ticketmaster.se/event/mamma-mia-the-party-tickets/697640255?language=en-us,https://s1.ticketm.net/dam/e/f4d/f1fc39aa-a21e-4ae9-9e93-ebc51228ef4d_RETINA_PORTRAIT_3_2.jpg,2026-05-09,13:00:00,onsale,Arts & Theatre,Theatre,Miscellaneous,Tyrol,Stockholm,Lilla Allmänna Gränd 2,59.324127,18.096259,,,,Saturday,May,5,2026,13
Z698xZq2Z1k1pG7vt,MAMMA MIA! THE PARTY,https://www.ticketmaster.se/event/mamma-mia-the-party-tickets/296304069?language=en-us,https://s1.ticketm.net/dam/e/039/434ccb88-f19e-472b-b738-df62b617f039_TABLET_LANDSCAPE_16_9.jpg,2026-05-09,19:30:00,onsale,Arts & Theatre,Theatre,Musical,Tyrol,Stockholm,Lilla Allmänna Gränd 2,59.324127,18.096259,,,,Saturday,May,5,2026,19
Z698xZq2Z1ku0Qkef,THE COMMONERS,https://www.ticketmaster.se/event/the-commoners-tickets/364686094?language=en-us,https://s1.ticketm.net/dam/c/fbc/b293c0ad-c904-4215-bc59-8d7f2414dfbc_106141_TABLET_LANDSCAPE_3_2.jpg,2026-05-10,00:00:00,onsale,Miscellaneous,Family,Other,Debaser Nova,Stockholm,Hornstulls strand,59.31366,18.03503,,,,Sunday,May,5,2026,0
LvZ18QQLytq1mEYZYZbca,Rhône in White 2026 – Vårens vitaste vinupplevelse!,https://www.universe.com/events/rhone-in-white-2026-varens-vitaste-vinupplevelse-tickets-Q4PSBC?ref=ticketmaster,"https://images.universe.com/0d54b243-ce35-43d8-b003-a9cb870a9df8/-/resize/1200x/-/crop/1079x1079/64,438/-/format/jpeg/-/scale_crop/305x203/center/-/progressive/yes/-/inline/yes/",2026-05-11,17:00:00,onsale,Miscellaneous,Food & Drink,Food & Drink,,Stockholm,Exercisplan 4,59.32592,18.08413,,,,Monday,May,5,2026,17
Z698xZq2Z1kaO8z8Y,MAMMA MIA! THE PARTY,https://www.ticketmaster.se/event/mamma-mia-the-party-tickets/260438430?language=en-us,https://s1.ticketm.net/dam/e/6d7/0fd6f6c6-d3b4-419b-bda9-5893a07896d7_TABLET_LANDSCAPE_16_9.jpg,2026-05-14,18:30:00,onsale,Arts & Theatre,Theatre,Musical,Tyrol,Stockholm,Lilla Allmänna Gränd 2,59.324127,18.096259,,,,Thursday,May,5,2026,18
Z698xZq2Z16vGFGxo9,MAMMA MIA! THE PARTY,https://www.ticketmaster.se/event/mamma-mia-the-party-tickets/1308322457?language=en-us,https://s1.ticketm.net/dam/e/670/9a5167a0-92f9-4ccb-9a2a-c4c49e788670_TABLET_LANDSCAPE_LARGE_16_9.jpg,2026-05-15,18:30:00,onsale,Arts & Theatre,Theatre,Miscellaneous,Tyrol,Stockholm,Lilla Allmänna Gränd 2,59.324127,18.096259,,,,Friday,May,5,2026,18
Z698xZq2Z16evo4U_p,MAMMA MIA! THE PARTY,https://www.ticketmaster.se/event/mamma-mia-the-party-tickets/2051576656?language=en-us,https://s1.ticketm.net/dam/a/08d/3e62af05-2974-4fea-836f-c0c75ed0008d_RETINA_LANDSCAPE_16_9.jpg,2026-05-16,13:00:00,onsale,Arts & Theatre,Theatre,Miscellaneous,Tyrol,Stockholm,Lilla Allmänna Gränd 2,59.324127,18.096259,,,,Saturday,May,5,2026,13
Z698xZq2Z16v37p__a,MAMMA MIA! THE PARTY,https://www.ticketmaster.se/event/mamma-mia-the-party-tickets/1484599649?language=en-us,https://s1.ticketm.net/dam/e/259/479895bc-7cad-44ae-bdc0-6d9cf41f1259_EVENT_DETAIL_PAGE_16_9.jpg,2026-05-16,19:30:00,onsale,Arts & Theatre,Theatre,Miscellaneous,Tyrol,Stockholm,Lilla Allmänna Gränd 2,59.324127,18.096259,,,,Saturday,May,5,2026,19
Z698xZq2Z16vv9F8o6,Sofia Isella,https://www.ticketmaster.se/event/sofia-isella-tickets/1057210447?language=en-us,https://s1.ticketm.net/dam/a/18b/d3a67dde-2420-4616-a241-560d801cc18b_TABLET_LANDSCAPE_3_2.jpg,2026-05-16,19:30:00,onsale,Music,Rock,Pop,Fryshuset,Stockholm,Mårtendalsgatan 2-8,59.33233,18.06293,,,,Saturday,May,5,2026,19
Z698xZq2Z1koIjMFo,MAMMA MIA! THE PARTY,https://www.ticketmaster.se/event/mamma-mia-the-party-tickets/468737211?language=en-us,https://s1.ticketm.net/dam/e/343/360601fd-569e-4309-af27-1eede3109343_ARTIST_PAGE_3_2.jpg,2026-05-21,18:30:00,onsale,Arts & Theatre,Theatre,Musical,Tyrol,Stockholm,Lilla Allmänna Gränd 2,59.324127,18.096259,,,,Thursday,May,5,2026,18
Z698xZq2Z16eZNr_FO,MAMMA MIA! THE PARTY,https://www.ticketmaster.se/event/mamma-mia-the-party-tickets/2023799220?language=en-us,https://s1.ticketm.net/dam/e/5bf/b9e784d8-00da-424e-b8b2-bd03ca86a5bf_TABLET_LANDSCAPE_3_2.jpg,2026-05-22,18:30:00,onsale,Arts & Theatre,Theatre,Miscellaneous,Tyrol,Stockholm,Lilla Allmänna Gränd 2,59.324127,18.096259,,,,Friday,May,5,2026,18
Z698xZq2Z16vOba7fU,MAMMA MIA! THE PARTY,https://www.ticketmaster.se/event/mamma-mia-the-party-tickets/1818244536?language=en-us,https://s1.ticketm.net/dam/a/08d/3e62af05-2974-4fea-836f-c0c75ed0008d_RETINA_LANDSCAPE_16_9.jpg,2026-05-23,13:00:00,onsale,Arts & Theatre,Theatre,Musical,Tyrol,Stockholm,Lilla Allmänna Gränd 2,59.324127,18.096259,,,,Saturday,May,5,2026,13
Z698xZq2Z1kFzekeb,MAMMA MIA! THE PARTY,https://www.ticketmaster.se/event/mamma-mia-the-party-tickets/238086098?language=en-us,https://s1.ticketm.net/dam/e/035/a08cdcb8-823a-466a-92b2-f54b8d3f9035_ARTIST_PAGE_3_2.jpg,2026-05-23,19:30:00,onsale,Arts & Theatre,Theatre,Musical,Tyrol,Stockholm,Lilla Allmänna Gränd 2,59.324127,18.096259,,,,Saturday,May,5,2026,19
Z698xZq2Z1kG3ak07,"NE-YO & AKON: Nights Like This Tour 2026 , Platinum Tickets",https://www.ticketmaster.se/event/ne-yo--akon-nights-like-this-tour-2026--platinum-tickets-tickets/312246904?language=en-us,https://s1.ticketm.net/dam/e/2f1/85d5031a-a88f-4610-ad1c-3d5c0c64d2f1_RETINA_LANDSCAPE_16_9.jpg,2026-05-23,19:30:00,onsale,Music,Hip-Hop/Rap,Hip-Hop/Rap,,Stockholm,Globentorget 2,59.29416,18.08081,,,,Saturday,May,5,2026,19
Z698xZq2Z1kxfGk8U,Maddox Batson - Live Worldwide Tour,https://www.ticketmaster.se/event/maddox-batson-live-worldwide-tour-tickets/894306436?language=en-us,https://s1.ticketm.net/dam/a/54f/b81a0792-67bd-491d-8804-674ffc61c54f_RETINA_PORTRAIT_3_2.jpg,2026-05-24,20:00:00,onsale,Music,Folk,Folk,Fryshuset,Stockholm,Mårtendalsgatan 2-8,59.33233,18.06293,,,,Sunday,May,5,2026,20
Z698xZq2Z1ku-p_kF,Heave Blood & Die,https://www.ticketmaster.se/event/heave-blood--die-tickets/361599188?language=en-us,https://s1.ticketm.net/dam/c/797/5e693c26-2881-4776-8f0c-3aa94bfa3797_106511_TABLET_LANDSCAPE_3_2.jpg,2026-05-26,19:30:00,onsale,Music,Metal,Metal,Debaser Nova,Stockholm,Hornstulls strand,59.31366,18.03503,,,,Tuesday,May,5,2026,19
Z698xZq2Z16v8ok8by,Black Coffee,https://www.ticketmaster.se/event/black-coffee-tickets/1411190639?language=en-us,https://s1.ticketm.net/dam/e/31c/68dd50ff-1ac0-4193-b0cc-7460dafd131c_TABLET_LANDSCAPE_LARGE_16_9.jpg,2026-05-28,17:00:00,onsale,Music,Dance/Electronic,Dance/Electronic,Portlands - Frihamnen,Stockholm,Frihamnsgatan 14,59.34153,18.11903,,,,Thursday,May,5,2026,17
Z698xZq2Z16evNpdZP,MAMMA MIA! THE PARTY,https://www.ticketmaster.se/event/mamma-mia-the-party-tickets/2063583025?language=en-us,https://s1.ticketm.net/dam/e/aa4/a20a7840-d542-4cf1-aeb9-cf744fb88aa4_ARTIST_PAGE_3_2.jpg,2026-05-28,18:30:00,onsale,Arts & Theatre,Theatre,Miscellaneous,Tyrol,Stockholm,Lilla Allmänna Gränd 2,59.324127,18.096259,,,,Thursday,May,5,2026,18
Z698xZq2Z16vJpZIr3,MAMMA MIA! THE PARTY,https://www.ticketmaster.se/event/mamma-mia-the-party-tickets/1996028792?language=en-us,https://s1.ticketm.net/dam/e/72b/4f7b853f-5968-4d34-9742-0dd23e6ce72b_EVENT_DETAIL_PAGE_16_9.jpg,2026-05-29,18:30:00,onsale,Arts & Theatre,Theatre,Musical,Tyrol,Stockholm,Lilla Allmänna Gränd 2,59.324127,18.096259,,,,Friday,May,5,2026,18
Z698xZq2Z1krffsAO,"LINKIN PARK - From Zero World Tour 2026, Platinum tickets",https://www.ticketmaster.se/event/linkin-park-from-zero-world-tour-2026-platinum-tickets-tickets/794531160?language=en-us,https://s1.ticketm.net/dam/a/534/d3a239c9-96b9-4f75-a63d-2ca2c5a2c534_SOURCE,2026-05-29,19:30:00,onsale,Music,Rock,Pop,3Arena,Stockholm,Arenaslingan 14,59.29045,18.08558,,,,Friday,May,5,2026,19
Z698xZq2Z1k0Ybsb3,MAMMA MIA! THE PARTY,https://www.ticketmaster.se/event/mamma-mia-the-party-tickets/930631612?language=en-us,https://s1.ticketm.net/dam/e/7f8/577ac787-4aef-4a75-a61c-0840d7f9f7f8_TABLET_LANDSCAPE_LARGE_16_9.jpg,2026-05-30,19:30:00,onsale,Arts & Theatre,Theatre,Musical,Tyrol,Stockholm,Lilla Allmänna Gränd 2,59.324127,18.096259,,,,Saturday,May,5,2026,19
Z698xZq2Z16vAkov76,Sivan Perwer – LIVE IN STOCKHOLM,https://www.ticketmaster.se/event/sivan-perwer--live-in-stockholm-tickets/1146441107?language=en-us,https://s1.ticketm.net/dam/a/786/b07ae615-0f79-401e-8158-37393c8ac786_SOURCE,2026-05-30,20:00:00,onsale,Music,Other,Other,,Stockholm,Djurgårdsslätten 43-45,59.32458,18.0997,,,,Saturday,May,5,2026,20
Z698xZq2Z16vbSQd4V,MAMMA MIA! THE PARTY,https://www.ticketmaster.se/event/mamma-mia-the-party-tickets/1633683574?language=en-us,https://s1.ticketm.net/dam/a/08d/3e62af05-2974-4fea-836f-c0c75ed0008d_RETINA_LANDSCAPE_16_9.jpg,2026-06-04,18:30:00,onsale,Arts & Theatre,Theatre,Musical,Tyrol,Stockholm,Lilla Allmänna Gränd 2,59.324127,18.096259,,,,Thursday,June,6,2026,18
Z698xZq2Z16vooq8P-,MAMMA MIA! THE PARTY,https://www.ticketmaster.se/event/mamma-mia-the-party-tickets/1451750961?language=en-us,https://s1.ticketm.net/dam/a/08d/3e62af05-2974-4fea-836f-c0c75ed0008d_RETINA_LANDSCAPE_16_9.jpg,2026-06-05,18:30:00,onsale,Arts & Theatre,Theatre,Miscellaneous,Tyrol,Stockholm,Lilla Allmänna Gränd 2,59.324127,18.096259,,,,Friday,June,6,2026,18
Z698xZq2Z16vqIOM03,John Vincent III,https://www.ticketmaster.se/event/john-vincent-iii-tickets/1768837912?language=en-us,https://s1.ticketm.net/dam/a/944/6b80ff9a-a664-42d9-aef0-a4fe5fcf0944_TABLET_LANDSCAPE_16_9.jpg,2026-06-05,19:30:00,onsale,Music,Other,Other,,Stockholm,Hornstulls strand 4,59.31465,18.03185,,,,Friday,June,6,2026,19
Z698xZq2Z1ka9j7Aa,MAMMA MIA! THE PARTY,https://www.ticketmaster.se/event/mamma-mia-the-party-tickets/257704149?language=en-us,https://s1.ticketm.net/dam/a/08d/3e62af05-2974-4fea-836f-c0c75ed0008d_RETINA_LANDSCAPE_16_9.jpg,2026-06-06,19:30:00,onsale,Arts & Theatre,Theatre,Musical,Tyrol,Stockholm,Lilla Allmänna Gränd 2,59.324127,18.096259,,,,Saturday,June,6,2026,19
Z698xZq2Z16v7EaE0I,MAMMA MIA! THE PARTY,https://www.ticketmaster.se/event/mamma-mia-the-party-tickets/1127267928?language=en-us,https://s1.ticketm.net/dam/a/08d/3e62af05-2974-4fea-836f-c0c75ed0008d_RETINA_LANDSCAPE_16_9.jpg,2026-06-11,18:30:00,onsale,Arts & Theatre,Theatre,Musical,Tyrol,Stockholm,Lilla Allmänna Gränd 2,59.324127,18.096259,,,,Thursday,June,6,2026,18
Z698xZq2Z16vjV4-b3,Foo Fighters: TAKE COVER TOUR 2026,https://www.ticketmaster.se/event/foo-fighters-take-cover-tour-2026-tickets/1734561612?language=en-us,https://s1.ticketm.net/dam/a/a86/e34186a0-096e-4145-9ff7-208608c1fa86_RETINA_PORTRAIT_3_2.jpg,2026-06-12,17:30:00,onsale,Music,Rock,Pop,Strawberry Arena,Stockholm,Råsta Strandväg 1,59.37254,18.00041,,,,Friday,June,6,2026,17
Z698xZq2Z1k_PFEa4,MAMMA MIA! THE PARTY,https://www.ticketmaster.se/event/mamma-mia-the-party-tickets/665227255?language=en-us,https://s1.ticketm.net/dam/a/08d/3e62af05-2974-4fea-836f-c0c75ed0008d_RETINA_LANDSCAPE_16_9.jpg,2026-06-12,18:30:00,onsale,Arts & Theatre,Theatre,Miscellaneous,Tyrol,Stockholm,Lilla Allmänna Gränd 2,59.324127,18.096259,,,,Friday,June,6,2026,18
Z698xZq2Z16evZGw49,MAMMA MIA! THE PARTY,https://www.ticketmaster.se/event/mamma-mia-the-party-tickets/2040332557?language=en-us,https://s1.ticketm.net/dam/a/08d/3e62af05-2974-4fea-836f-c0c75ed0008d_RETINA_LANDSCAPE_16_9.jpg,2026-06-13,19:30:00,onsale,Arts & Theatre,Theatre,Miscellaneous,Tyrol,Stockholm,Lilla Allmänna Gränd 2,59.324127,18.096259,,,,Saturday,June,6,2026,19
Z698xZq2Z16v8K79uN,What a view | 12-13 JUNI,https://www.ticketmaster.se/event/what-a-view-%7C-12-13-juni-tickets/1413117363?language=en-us,https://s1.ticketm.net/dam/a/1c7/343bd77d-7c27-4e63-9021-e8f0cfe951c7_EVENT_DETAIL_PAGE_16_9.jpg,2026-06-13,00:00:00,onsale,Music,Dance/Electronic,Club Dance,,Stockholm,Torkel Knutssons Gatan 2,59.32068,18.05617,,,,Saturday,June,6,2026,0
Z698xZq2Z16v3dOvQ8,Ali Wong: Ali Wong Live,https://www.ticketmaster.se/event/ali-wong-ali-wong-live-tickets/1483801690?language=en-us,https://s1.ticketm.net/dam/a/253/e03b01e0-2f00-4b0e-be33-7c89a92f3253_TABLET_LANDSCAPE_LARGE_16_9.jpg,2026-06-22,19:00:00,onsale,Arts & Theatre,Comedy,Comedy,Stockholm Waterfront,Stockholm,Nils Ericsons Plan 4,59.32982,18.05621,,,,Monday,June,6,2026,19
Z698xZq2Z1k0bqvxp,"Pitbull – I’m Back! , Platinum Tickets",https://www.ticketmaster.se/event/pitbull--im-back--platinum-tickets-tickets/918741896?language=en-us,https://s1.ticketm.net/dam/a/55e/c39c621f-2b4d-4741-b826-ac768995555e_CUSTOM.jpg,2026-06-23,20:00:00,onsale,Music,Rock,Pop,3Arena,Stockholm,Arenaslingan 14,59.29045,18.08558,,,,Tuesday,June,6,2026,20
Z698xZq2Z16v0K77oz,Joost Klein: World Tour,https://www.ticketmaster.se/event/joost-klein-world-tour-tickets/1913104478?language=en-us,https://s1.ticketm.net/dam/a/4f0/99ba7fc6-b73b-43ce-b139-d7eb448d44f0_TABLET_LANDSCAPE_LARGE_16_9.jpg,2026-06-24,19:30:00,onsale,Music,Dance/Electronic,Club Dance,Förbindelsehallen,Stockholm, Stora skorstensgatan,59.29283,18.07864,,,,Wednesday,June,6,2026,19
Z698xZq2Z1kap1FjE,fakemink: a Terrible Beauty - The Tour,https://www.ticketmaster.se/event/fakemink-a-terrible-beauty-the-tour-tickets/256288727?language=en-us,https://s1.ticketm.net/dam/a/611/a83ce451-3370-4342-81a3-7d6703743611_CUSTOM.jpg,2026-06-24,19:30:00,onsale,Music,Hip-Hop/Rap,Hip-Hop/Rap,,Stockholm,Hornstulls strand 4,59.31465,18.03185,,,,Wednesday,June,6,2026,19
Z698xZq2Z1kb_j6jZ,Alesso,https://www.ticketmaster.se/event/alesso-tickets/619707700?language=en-us,https://s1.ticketm.net/dam/a/5d9/97032269-d9e2-4a98-a3cf-8dba7acf85d9_EVENT_DETAIL_PAGE_16_9.jpg,2026-06-27,18:00:00,onsale,Music,Dance/Electronic,Club Dance,"Sollidenscenen, Skansen",Stockholm,Sollidsbacken 9,59.32438,18.10617,,,,Saturday,June,6,2026,18
Z698xZq2Z1kbfox-o,MAJOR LAZER SOUNDSYSTEM,https://www.ticketmaster.se/event/major-lazer-soundsystem-tickets/614462851?language=en-us,https://s1.ticketm.net/dam/a/327/2ee41e0c-a400-44f9-9016-4468ca1f0327_TABLET_LANDSCAPE_16_9.jpg,2026-06-28,19:00:00,onsale,Music,Dance/Electronic,Club Dance,Förbindelsehallen,Stockholm, Stora skorstensgatan,59.29283,18.07864,,,,Sunday,June,6,2026,19
Z698xZq2Z16v_Mx__o,System Of A Down,https://www.ticketmaster.se/event/system-of-a-down-tickets/1677899651?language=en-us,https://s1.ticketm.net/dam/a/927/67a8ff17-a7a6-4490-aa5d-c2adab4c6927_ARTIST_PAGE_3_2.jpg,2026-06-29,18:30:00,onsale,Music,Rock,Pop,Strawberry Arena,Stockholm,Råsta Strandväg 1,59.37254,18.00041,,,,Monday,June,6,2026,18
Z698xZq2Z16vv_33os,System Of A Down I VIP Packages,https://www.ticketmaster.se/event/system-of-a-down-i-vip-packages-tickets/1059492471?language=en-us,https://s1.ticketm.net/dam/a/927/67a8ff17-a7a6-4490-aa5d-c2adab4c6927_ARTIST_PAGE_3_2.jpg,2026-06-29,18:30:00,onsale,Music,Other,Other,Strawberry Arena,Stockholm,Råsta Strandväg 1,59.37254,18.00041,,,,Monday,June,6,2026,18
Z698xZq2Z1kOf7Au4,Salvatore Ganacci,https://www.ticketmaster.se/event/salvatore-ganacci-tickets/814105355?language=en-us,https://s1.ticketm.net/dam/a/e24/66f97de1-1d1d-45c8-93a6-60c7e705ee24_EVENT_DETAIL_PAGE_16_9.jpg,2026-07-03,00:00:00,onsale,Music,Dance/Electronic,Club Dance,Förbindelsehallen,Stockholm, Stora skorstensgatan,59.29283,18.07864,,,,Friday,July,7,2026,0
Z698xZq2Z1kbPOg3o,Bad Bunny - DeBÍ TiRAR MáS FOToS World Tour,https://www.ticketmaster.se/event/bad-bunny-debi-tirar-mas-fotos-world-tour-tickets/625835491?language=en-us,https://s1.ticketm.net/dam/a/ac0/5a0435d2-95f1-491d-911a-598d513e5ac0_SOURCE,2026-07-10,20:00:00,onsale,Music,Latin,Latin,Strawberry Arena,Stockholm,Råsta Strandväg 1,59.37254,18.00041,,,,Friday,July,7,2026,20
Z698xZq2Z1kuw_Y78,Bad Bunny - DeBÍ TiRAR MáS FOToS World Tour | VIP Packages,https://www.ticketmaster.se/event/bad-bunny-debi-tirar-mas-fotos-world-tour-%7C-vip-packages-tickets/372670110?language=en-us,https://s1.ticketm.net/dam/a/ac0/5a0435d2-95f1-491d-911a-598d513e5ac0_SOURCE,2026-07-10,20:00:00,onsale,Music,Latin,Latin,Strawberry Arena,Stockholm,Råsta Strandväg 1,59.37254,18.00041,,,,Friday,July,7,2026,20
Z698xZq2Z16vb-edaa,Bad Bunny - DeBÍ TiRAR MáS FOToS World Tour | VIP Packages,https://www.ticketmaster.se/event/bad-bunny-debi-tirar-mas-fotos-world-tour-%7C-vip-packages-tickets/1621083249?language=en-us,https://s1.ticketm.net/dam/a/ac0/5a0435d2-95f1-491d-911a-598d513e5ac0_SOURCE,2026-07-11,20:00:00,onsale,Music,Rock,Pop,Strawberry Arena,Stockholm,Råsta Strandväg 1,59.37254,18.00041,,,,Saturday,July,7,2026,20
Z698xZq2Z1kjV77AZ,Bad Bunny - DeBÍ TiRAR MáS FOToS World Tour,https://www.ticketmaster.se/event/bad-bunny-debi-tirar-mas-fotos-world-tour-tickets/734104140?language=en-us,https://s1.ticketm.net/dam/a/ac0/5a0435d2-95f1-491d-911a-598d513e5ac0_SOURCE,2026-07-11,20:00:00,onsale,Music,Latin,Latin,Strawberry Arena,Stockholm,Råsta Strandväg 1,59.37254,18.00041,,,,Saturday,July,7,2026,20
Z698xZq2Z1krAGV_4,"Robyn - the sexistential tour, Platinum Tickets",https://www.ticketmaster.se/event/robyn-the-sexistential-tour-platinum-tickets-tickets/785334655?language=en-us,https://s1.ticketm.net/dam/a/a21/75467e57-1e79-44b2-ba00-e3a27558ba21_SOURCE,2026-07-16,19:30:00,onsale,Music,Rock,Pop,,Stockholm,Globentorget 2,59.29416,18.08081,,,,Thursday,July,7,2026,19
Z698xZq2Z1k-OA9ZN,"Robyn - the sexistential tour, Platinum Tickets",https://www.ticketmaster.se/event/robyn-the-sexistential-tour-platinum-tickets-tickets/860157023?language=en-us,https://s1.ticketm.net/dam/a/a21/75467e57-1e79-44b2-ba00-e3a27558ba21_SOURCE,2026-07-17,19:30:00,onsale,Music,Rock,Pop,,Stockholm,Globentorget 2,59.29416,18.08081,,,,Friday,July,7,2026,19
Z698xZq2Z16vus77_4,"Robyn - the sexistential tour, Platinum Tickets",https://www.ticketmaster.se/event/robyn-the-sexistential-tour-platinum-tickets-tickets/1371104655?language=en-us,https://s1.ticketm.net/dam/a/a21/75467e57-1e79-44b2-ba00-e3a27558ba21_SOURCE,2026-07-18,19:30:00,onsale,Music,Rock,Pop,,Stockholm,Globentorget 2,59.29416,18.08081,,,,Saturday,July,7,2026,19
Z698xZq2Z16v3k_6og,Patti Smith Quartet,https://www.ticketmaster.se/event/patti-smith-quartet-tickets/1486647475?language=en-us,https://s1.ticketm.net/dam/a/d59/9b49deea-7cf3-4ce9-9404-615c409d2d59_EVENT_DETAIL_PAGE_16_9.jpg,2026-07-22,19:30:00,onsale,Music,Rock,Pop,Cirkus,Stockholm,Djurgårdsslätten 43-45,59.32457,18.09969,,,,Wednesday,July,7,2026,19
Z698xZq2Z16vAUfy_p,Patti Smith Quartet,https://www.ticketmaster.se/event/patti-smith-quartet-tickets/1176539656?language=en-us,https://s1.ticketm.net/dam/a/d59/9b49deea-7cf3-4ce9-9404-615c409d2d59_EVENT_DETAIL_PAGE_16_9.jpg,2026-07-23,19:30:00,onsale,Music,Rock,Pop,Cirkus,Stockholm,Djurgårdsslätten 43-45,59.32457,18.09969,,,,Thursday,July,7,2026,19
Z698xZq2Z1kCpuprk,Manchester United - Atlético De Madrid,https://www.ticketmaster.se/event/manchester-united-atletico-de-madrid-tickets/396356786?language=en-us,https://s1.ticketm.net/dam/e/97d/99970879-286a-4e87-85b4-42a369d8d97d_TABLET_LANDSCAPE_16_9.jpg,2026-08-01,15:00:00,onsale,Sports,Soccer,Soccer,Strawberry Arena,Stockholm,Råsta Strandväg 1,59.37254,18.00041,,,,Saturday,August,8,2026,15
Z698xZq2Z16vpvF6Go,Manchester United – Atlético de Madrid | Suite & Lounge,https://www.ticketmaster.se/event/manchester-united--atletico-de-madrid-%7C-suite--lounge-tickets/1581207311?language=en-us,https://s1.ticketm.net/dam/a/261/e916b117-6c45-433b-85ac-de2b12a27261_RETINA_PORTRAIT_16_9.jpg,2026-08-01,15:01:00,onsale,Sports,Soccer,Soccer,Strawberry Arena,Stockholm,Råsta Strandväg 1,59.37254,18.00041,,,,Saturday,August,8,2026,15
Z698xZq2Z16vQ9e47N,The Weeknd: After Hours Til Dawn Tour,https://www.ticketmaster.se/event/the-weeknd-after-hours-til-dawn-tour-tickets/1697095123?language=en-us,https://s1.ticketm.net/dam/e/741/9da569dc-8e30-46cf-88ce-23d2bc4cf741_RECOMENDATION_16_9.jpg,2026-08-08,19:30:00,onsale,Music,Other,Other,Strawberry Arena,Stockholm,Råsta Strandväg 1,59.37254,18.00041,,,,Saturday,August,8,2026,19
Z698xZq2Z1koove4F,The Weeknd: After Hours Til Dawn Tour | VIP Packages,https://www.ticketmaster.se/event/the-weeknd-after-hours-til-dawn-tour-%7C-vip-packages-tickets/451042548?language=en-us,https://s1.ticketm.net/dam/a/a2f/64a76c7b-2486-4369-a51a-2b3e88977a2f_EVENT_DETAIL_PAGE_16_9.jpg,2026-08-08,19:30:00,onsale,Music,Other,Other,Strawberry Arena,Stockholm,Råsta Strandväg 1,59.37254,18.00041,,,,Saturday,August,8,2026,19
Z698xZq2Z1k8UOe0S,The Weeknd: After Hours Til Dawn Tour,https://www.ticketmaster.se/event/the-weeknd-after-hours-til-dawn-tour-tickets/436802933?language=en-us,https://s1.ticketm.net/dam/a/a2f/64a76c7b-2486-4369-a51a-2b3e88977a2f_EVENT_DETAIL_PAGE_16_9.jpg,2026-08-09,19:30:00,onsale,Music,Other,Other,Strawberry Arena,Stockholm,Råsta Strandväg 1,59.37254,18.00041,,,,Sunday,August,8,2026,19
Z698xZq2Z1kAz3evg,The Weeknd: After Hours Til Dawn Tour | VIP Packages,https://www.ticketmaster.se/event/the-weeknd-after-hours-til-dawn-tour-%7C-vip-packages-tickets/178482075?language=en-us,https://s1.ticketm.net/dam/a/a2f/64a76c7b-2486-4369-a51a-2b3e88977a2f_EVENT_DETAIL_PAGE_16_9.jpg,2026-08-09,19:30:00,onsale,Music,Other,Other,Strawberry Arena,Stockholm,Råsta Strandväg 1,59.37254,18.00041,,,,Sunday,August,8,2026,19
Z698xZq2Z16vjwQ4_6,The Weeknd : After Hours Til Dawn Tour,https://www.ticketmaster.se/event/the-weeknd--after-hours-til-dawn-tour-tickets/1732695647?language=en-us,https://s1.ticketm.net/dam/a/a2f/64a76c7b-2486-4369-a51a-2b3e88977a2f_EVENT_DETAIL_PAGE_16_9.jpg,2026-08-10,19:30:00,onsale,Music,Hip-Hop/Rap,Hip-Hop/Rap,Strawberry Arena,Stockholm,Råsta Strandväg 1,59.37254,18.00041,,,,Monday,August,8,2026,19
Z698xZq2Z1kp8qdk_,The Weeknd: After Hours Til Dawn Tour | VIP Packages,https://www.ticketmaster.se/event/the-weeknd-after-hours-til-dawn-tour-%7C-vip-packages-tickets/590743199?language=en-us,https://s1.ticketm.net/dam/a/a2f/64a76c7b-2486-4369-a51a-2b3e88977a2f_EVENT_DETAIL_PAGE_16_9.jpg,2026-08-10,19:30:00,onsale,Music,Hip-Hop/Rap,Hip-Hop/Rap,Strawberry Arena,Stockholm,Råsta Strandväg 1,59.37254,18.00041,,,,Monday,August,8,2026,19
Z698xZq2Z16vjy47jJ,The Weeknd I Strawberry Arena Premium Experience - Premium 33,https://www.ticketmaster.se/event/the-weeknd-i-strawberry-arena-premium-experience-premium-33-tickets/1739544726?language=en-us,https://s1.ticketm.net/dam/e/715/b5b43b5c-f358-4b27-9d00-d2d47da25715_RECOMENDATION_16_9.jpg,2026-08-10,00:00:00,onsale,Music,Hip-Hop/Rap,Hip-Hop/Rap,Strawberry Arena,Stockholm,Råsta Strandväg 1,59.37254,18.00041,,,,Monday,August,8,2026,0
Z698xZq2Z1kpFvNZa,MAMMA MIA! THE PARTY,https://www.ticketmaster.se/event/mamma-mia-the-party-tickets/588063009?language=en-us,https://s1.ticketm.net/dam/a/08d/3e62af05-2974-4fea-836f-c0c75ed0008d_RETINA_LANDSCAPE_16_9.jpg,2026-08-20,18:30:00,onsale,Arts & Theatre,Theatre,Miscellaneous,Tyrol,Stockholm,Lilla Allmänna Gränd 2,59.324127,18.096259,,,,Thursday,August,8,2026,18
Z698xZq2Z16vPPoa4t,MAMMA MIA! THE PARTY,https://www.ticketmaster.se/event/mamma-mia-the-party-tickets/1965449569?language=en-us,https://s1.ticketm.net/dam/a/08d/3e62af05-2974-4fea-836f-c0c75ed0008d_RETINA_LANDSCAPE_16_9.jpg,2026-08-21,18:30:00,onsale,Arts & Theatre,Theatre,Miscellaneous,Tyrol,Stockholm,Lilla Allmänna Gränd 2,59.324127,18.096259,,,,Friday,August,8,2026,18
Z698xZq2Z1kod-tG7,MAMMA MIA! THE PARTY,https://www.ticketmaster.se/event/mamma-mia-the-party-tickets/443869304?language=en-us,https://s1.ticketm.net/dam/a/08d/3e62af05-2974-4fea-836f-c0c75ed0008d_RETINA_LANDSCAPE_16_9.jpg,2026-08-22,19:30:00,onsale,Arts & Theatre,Theatre,Musical,Tyrol,Stockholm,Lilla Allmänna Gränd 2,59.324127,18.096259,,,,Saturday,August,8,2026,19
Z698xZq2Z16vC9GO4b," Emmylou Harris, Platinum Tickets",https://www.ticketmaster.se/event/-emmylou-harris-platinum-tickets-tickets/1397320558?language=en-us,https://s1.ticketm.net/dam/a/818/00d800c2-1a98-459f-ba11-24ebbe5ed818_SOURCE,2026-08-26,19:30:00,onsale,Music,Folk,Folk,,Stockholm,Globentorget 2,59.29416,18.08081,,,,Wednesday,August,8,2026,19
Z698xZq2Z1kadbpGx,MAMMA MIA! THE PARTY,https://www.ticketmaster.se/event/mamma-mia-the-party-tickets/243616322?language=en-us,https://s1.ticketm.net/dam/a/08d/3e62af05-2974-4fea-836f-c0c75ed0008d_RETINA_LANDSCAPE_16_9.jpg,2026-08-27,18:30:00,onsale,Arts & Theatre,Theatre,Miscellaneous,Tyrol,Stockholm,Lilla Allmänna Gränd 2,59.324127,18.096259,,,,Thursday,August,8,2026,18
Z698xZq2Z1kfpJ9xe,MAMMA MIA! THE PARTY,https://www.ticketmaster.se/event/mamma-mia-the-party-tickets/516997882?language=en-us,https://s1.ticketm.net/dam/a/08d/3e62af05-2974-4fea-836f-c0c75ed0008d_RETINA_LANDSCAPE_16_9.jpg,2026-08-28,18:30:00,onsale,Arts & Theatre,Theatre,Miscellaneous,Tyrol,Stockholm,Lilla Allmänna Gränd 2,59.324127,18.096259,,,,Friday,August,8,2026,18
Z698xZq2Z16vaoCv4N,MAMMA MIA! THE PARTY,https://www.ticketmaster.se/event/mamma-mia-the-party-tickets/1251381563?language=en-us,https://s1.ticketm.net/dam/a/08d/3e62af05-2974-4fea-836f-c0c75ed0008d_RETINA_LANDSCAPE_16_9.jpg,2026-08-29,19:30:00,onsale,Arts & Theatre,Theatre,Musical,Tyrol,Stockholm,Lilla Allmänna Gränd 2,59.324127,18.096259,,,,Saturday,August,8,2026,19
Z698xZq2Z16v4ax3_a,MAMMA MIA! THE PARTY,https://www.ticketmaster.se/event/mamma-mia-the-party-tickets/1549892649?language=en-us,https://s1.ticketm.net/dam/a/08d/3e62af05-2974-4fea-836f-c0c75ed0008d_RETINA_LANDSCAPE_16_9.jpg,2026-09-03,18:30:00,onsale,Arts & Theatre,Theatre,Miscellaneous,Tyrol,Stockholm,Lilla Allmänna Gränd 2,59.324127,18.096259,,,,Thursday,September,9,2026,18
Z698xZq2Z1kf60fFY,MAMMA MIA! THE PARTY,https://www.ticketmaster.se/event/mamma-mia-the-party-tickets/507914230?language=en-us,https://s1.ticketm.net/dam/a/08d/3e62af05-2974-4fea-836f-c0c75ed0008d_RETINA_LANDSCAPE_16_9.jpg,2026-09-04,18:30:00,onsale,Arts & Theatre,Theatre,Musical,Tyrol,Stockholm,Lilla Allmänna Gränd 2,59.324127,18.096259,,,,Friday,September,9,2026,18
Z698xZq2Z1kxv8JfI,MAMMA MIA! THE PARTY,https://www.ticketmaster.se/event/mamma-mia-the-party-tickets/881426528?language=en-us,https://s1.ticketm.net/dam/a/08d/3e62af05-2974-4fea-836f-c0c75ed0008d_RETINA_LANDSCAPE_16_9.jpg,2026-09-05,19:30:00,onsale,Arts & Theatre,Theatre,Miscellaneous,Tyrol,Stockholm,Lilla Allmänna Gränd 2,59.324127,18.096259,,,,Saturday,September,9,2026,19
Z698xZq2Z1krdC8Zp,MAMMA MIA! THE PARTY,https://www.ticketmaster.se/event/mamma-mia-the-party-tickets/783390016?language=en-us,https://s1.ticketm.net/dam/a/08d/3e62af05-2974-4fea-836f-c0c75ed0008d_RETINA_LANDSCAPE_16_9.jpg,2026-09-11,18:30:00,onsale,Arts & Theatre,Theatre,Miscellaneous,Tyrol,Stockholm,Lilla Allmänna Gränd 2,59.324127,18.096259,,,,Friday,September,9,2026,18
Z698xZq2Z1kjxbfud,MAMMA MIA! THE PARTY,https://www.ticketmaster.se/event/mamma-mia-the-party-tickets/722614343?language=en-us,https://s1.ticketm.net/dam/a/08d/3e62af05-2974-4fea-836f-c0c75ed0008d_RETINA_LANDSCAPE_16_9.jpg,2026-09-12,13:00:00,onsale,Arts & Theatre,Theatre,Miscellaneous,Tyrol,Stockholm,Lilla Allmänna Gränd 2,59.324127,18.096259,,,,Saturday,September,9,2026,13
Z698xZq2Z16vaY_Y4b,MAMMA MIA! THE PARTY,https://www.ticketmaster.se/event/mamma-mia-the-party-tickets/1270670558?language=en-us,https://s1.ticketm.net/dam/a/08d/3e62af05-2974-4fea-836f-c0c75ed0008d_RETINA_LANDSCAPE_16_9.jpg,2026-09-12,19:30:00,onsale,Arts & Theatre,Theatre,Musical,Tyrol,Stockholm,Lilla Allmänna Gränd 2,59.324127,18.096259,,,,Saturday,September,9,2026,19
Z698xZq2Z16vv_CKOS,MAMMA MIA! THE PARTY,https://www.ticketmaster.se/event/mamma-mia-the-party-tickets/1059393833?language=en-us,https://s1.ticketm.net/dam/a/08d/3e62af05-2974-4fea-836f-c0c75ed0008d_RETINA_LANDSCAPE_16_9.jpg,2026-09-17,18:30:00,onsale,Arts & Theatre,Theatre,Miscellaneous,Tyrol,Stockholm,Lilla Allmänna Gränd 2,59.324127,18.096259,,,,Thursday,September,9,2026,18
Z698xZq2Z16v0dkeOa,MAMMA MIA! THE PARTY,https://www.ticketmaster.se/event/mamma-mia-the-party-tickets/1903182809?language=en-us,https://s1.ticketm.net/dam/a/08d/3e62af05-2974-4fea-836f-c0c75ed0008d_RETINA_LANDSCAPE_16_9.jpg,2026-09-18,18:30:00,onsale,Arts & Theatre,Theatre,Musical,Tyrol,Stockholm,Lilla Allmänna Gränd 2,59.324127,18.096259,,,,Friday,September,9,2026,18
Z698xZq2Z1kbAQb8Y,MAMMA MIA! THE PARTY,https://www.ticketmaster.se/event/mamma-mia-the-party-tickets/605698430?language=en-us,https://s1.ticketm.net/dam/a/08d/3e62af05-2974-4fea-836f-c0c75ed0008d_RETINA_LANDSCAPE_16_9.jpg,2026-09-19,13:00:00,onsale,Arts & Theatre,Theatre,Musical,Tyrol,Stockholm,Lilla Allmänna Gränd 2,59.324127,18.096259,,,,Saturday,September,9,2026,13
Z698xZq2Z16vfA0e8S,MAMMA MIA! THE PARTY,https://www.ticketmaster.se/event/mamma-mia-the-party-tickets/1505902433?language=en-us,https://s1.ticketm.net/dam/a/08d/3e62af05-2974-4fea-836f-c0c75ed0008d_RETINA_LANDSCAPE_16_9.jpg,2026-09-19,19:30:00,onsale,Arts & Theatre,Theatre,Miscellaneous,Tyrol,Stockholm,Lilla Allmänna Gränd 2,59.324127,18.096259,,,,Saturday,September,9,2026,19
Z698xZq2Z16eek4S-s,"A$AP Rocky - Don't Be Dumb World Tour, Platinum Tickets",https://www.ticketmaster.se/event/aap-rocky-dont-be-dumb-world-tour-platinum-tickets-tickets/2086573871?language=en-us,https://s1.ticketm.net/dam/a/3f7/d4773445-3bc0-4087-a14b-f89c67f3f3f7_RETINA_LANDSCAPE_16_9.jpg,2026-09-21,19:30:00,onsale,Music,Hip-Hop/Rap,Hip-Hop/Rap,,Stockholm,Globentorget 2,59.29416,18.08081,,,,Monday,September,9,2026,19
Z698xZq2Z16vZt7JFv,MAMMA MIA! THE PARTY,https://www.ticketmaster.se/event/mamma-mia-the-party-tickets/1029126201?language=en-us,https://s1.ticketm.net/dam/a/08d/3e62af05-2974-4fea-836f-c0c75ed0008d_RETINA_LANDSCAPE_16_9.jpg,2026-09-24,18:30:00,onsale,Arts & Theatre,Theatre,Miscellaneous,Tyrol,Stockholm,Lilla Allmänna Gränd 2,59.324127,18.096259,,,,Thursday,September,9,2026,18
Z698xZq2Z16vZ4Qe_-,Holly Humberstone,https://www.ticketmaster.se/event/holly-humberstone-tickets/1015682661?language=en-us,https://s1.ticketm.net/dam/e/377/671911f9-7827-48a4-8812-f8bcbc9ff377_TABLET_LANDSCAPE_LARGE_16_9.jpg,2026-09-24,20:00:00,onsale,Music,Rock,Pop,,Stockholm,Regeringsgatan 74,59.33706,18.06749,,,,Thursday,September,9,2026,20
Z698xZq2Z16vO9PNOd,MAMMA MIA! THE PARTY,https://www.ticketmaster.se/event/mamma-mia-the-party-tickets/1817963803?language=en-us,https://s1.ticketm.net/dam/a/08d/3e62af05-2974-4fea-836f-c0c75ed0008d_RETINA_LANDSCAPE_16_9.jpg,2026-09-25,18:30:00,onsale,Arts & Theatre,Theatre,Musical,Tyrol,Stockholm,Lilla Allmänna Gränd 2,59.324127,18.096259,,,,Friday,September,9,2026,18
Z698xZq2Z16vvaoYv0,MAMMA MIA! THE PARTY,https://www.ticketmaster.se/event/mamma-mia-the-party-tickets/1049470064?language=en-us,https://s1.ticketm.net/dam/a/08d/3e62af05-2974-4fea-836f-c0c75ed0008d_RETINA_LANDSCAPE_16_9.jpg,2026-09-26,13:00:00,onsale,Arts & Theatre,Theatre,Musical,Tyrol,Stockholm,Lilla Allmänna Gränd 2,59.324127,18.096259,,,,Saturday,September,9,2026,13
Z698xZq2Z1kuV7orv,MAMMA MIA! THE PARTY,https://www.ticketmaster.se/event/mamma-mia-the-party-tickets/374111781?language=en-us,https://s1.ticketm.net/dam/a/08d/3e62af05-2974-4fea-836f-c0c75ed0008d_RETINA_LANDSCAPE_16_9.jpg,2026-09-26,19:30:00,onsale,Arts & Theatre,Theatre,Musical,Tyrol,Stockholm,Lilla Allmänna Gränd 2,59.324127,18.096259,,,,Saturday,September,9,2026,19
Z698xZq2Z1kb8_E4_,MAMMA MIA! THE PARTY,https://www.ticketmaster.se/event/mamma-mia-the-party-tickets/610667559?language=en-us,https://s1.ticketm.net/dam/a/08d/3e62af05-2974-4fea-836f-c0c75ed0008d_RETINA_LANDSCAPE_16_9.jpg,2026-10-01,18:30:00,onsale,Arts & Theatre,Theatre,Miscellaneous,Tyrol,Stockholm,Lilla Allmänna Gränd 2,59.324127,18.096259,,,,Thursday,October,10,2026,18
Z698xZq2Z16v0tZef-,MAMMA MIA! THE PARTY,https://www.ticketmaster.se/event/mamma-mia-the-party-tickets/1929002521?language=en-us,https://s1.ticketm.net/dam/a/08d/3e62af05-2974-4fea-836f-c0c75ed0008d_RETINA_LANDSCAPE_16_9.jpg,2026-10-02,18:30:00,onsale,Arts & Theatre,Theatre,Miscellaneous,Tyrol,Stockholm,Lilla Allmänna Gränd 2,59.324127,18.096259,,,,Friday,October,10,2026,18
Z698xZq2Z16vGYa4e4,MAMMA MIA! THE PARTY,https://www.ticketmaster.se/event/mamma-mia-the-party-tickets/1330255095?language=en-us,https://s1.ticketm.net/dam/a/08d/3e62af05-2974-4fea-836f-c0c75ed0008d_RETINA_LANDSCAPE_16_9.jpg,2026-10-03,13:00:00,onsale,Arts & Theatre,Theatre,Miscellaneous,Tyrol,Stockholm,Lilla Allmänna Gränd 2,59.324127,18.096259,,,,Saturday,October,10,2026,13
Z698xZq2Z16vf9ZaJ6,MAMMA MIA! THE PARTY,https://www.ticketmaster.se/event/mamma-mia-the-party-tickets/1517009987?language=en-us,https://s1.ticketm.net/dam/a/08d/3e62af05-2974-4fea-836f-c0c75ed0008d_RETINA_LANDSCAPE_16_9.jpg,2026-10-03,19:30:00,onsale,Arts & Theatre,Theatre,Musical,Tyrol,Stockholm,Lilla Allmänna Gränd 2,59.324127,18.096259,,,,Saturday,October,10,2026,19
Z698xZq2Z16vrpve8y,MAMMA MIA! THE PARTY,https://www.ticketmaster.se/event/mamma-mia-the-party-tickets/1796042439?language=en-us,https://s1.ticketm.net/dam/a/08d/3e62af05-2974-4fea-836f-c0c75ed0008d_RETINA_LANDSCAPE_16_9.jpg,2026-10-08,18:30:00,onsale,Arts & Theatre,Theatre,Musical,Tyrol,Stockholm,Lilla Allmänna Gränd 2,59.324127,18.096259,,,,Thursday,October,10,2026,18
Z698xZq2Z1kFske1p,MAMMA MIA! THE PARTY,https://www.ticketmaster.se/event/mamma-mia-the-party-tickets/231182296?language=en-us,https://s1.ticketm.net/dam/a/08d/3e62af05-2974-4fea-836f-c0c75ed0008d_RETINA_LANDSCAPE_16_9.jpg,2026-10-09,18:30:00,onsale,Arts & Theatre,Theatre,Miscellaneous,Tyrol,Stockholm,Lilla Allmänna Gränd 2,59.324127,18.096259,,,,Friday,October,10,2026,18
Z698xZq2Z1kFs7YJ7,The Magic Numbers,https://www.ticketmaster.se/event/the-magic-numbers-tickets/231130984?language=en-us,https://s1.ticketm.net/dam/a/ef4/dd7d3356-ba6e-4e26-8a82-0e1f685f0ef4_TABLET_LANDSCAPE_16_9.jpg,2026-10-09,19:00:00,onsale,Music,Alternative,Indie Pop,,Stockholm,Hornstulls strand 4,59.31465,18.03185,,,,Friday,October,10,2026,19
Z698xZq2Z16v8e-Pua,MAMMA MIA! THE PARTY,https://www.ticketmaster.se/event/mamma-mia-the-party-tickets/1402865349?language=en-us,https://s1.ticketm.net/dam/a/08d/3e62af05-2974-4fea-836f-c0c75ed0008d_RETINA_LANDSCAPE_16_9.jpg,2026-10-10,13:00:00,onsale,Arts & Theatre,Theatre,Musical,Tyrol,Stockholm,Lilla Allmänna Gränd 2,59.324127,18.096259,,,,Saturday,October,10,2026,13
Z698xZq2Z16ev_r7Fw,MAMMA MIA! THE PARTY,https://www.ticketmaster.se/event/mamma-mia-the-party-tickets/2059784232?language=en-us,https://s1.ticketm.net/dam/a/08d/3e62af05-2974-4fea-836f-c0c75ed0008d_RETINA_LANDSCAPE_16_9.jpg,2026-10-10,19:30:00,onsale,Arts & Theatre,Theatre,Miscellaneous,Tyrol,Stockholm,Lilla Allmänna Gränd 2,59.324127,18.096259,,,,Saturday,October,10,2026,19
Z698xZq2Z16vFouVGs,MAMMA MIA! THE PARTY,https://www.ticketmaster.se/event/mamma-mia-the-party-tickets/1211374331?language=en-us,https://s1.ticketm.net/dam/a/08d/3e62af05-2974-4fea-836f-c0c75ed0008d_RETINA_LANDSCAPE_16_9.jpg,2026-10-15,18:30:00,onsale,Arts & Theatre,Theatre,Miscellaneous,Tyrol,Stockholm,Lilla Allmänna Gränd 2,59.324127,18.096259,,,,Thursday,October,10,2026,18
Z698xZq2Z16vPSf_ZI,MAMMA MIA! THE PARTY,https://www.ticketmaster.se/event/mamma-mia-the-party-tickets/1973519028?language=en-us,https://s1.ticketm.net/dam/a/08d/3e62af05-2974-4fea-836f-c0c75ed0008d_RETINA_LANDSCAPE_16_9.jpg,2026-10-16,18:30:00,onsale,Arts & Theatre,Theatre,Musical,Tyrol,Stockholm,Lilla Allmänna Gränd 2,59.324127,18.096259,,,,Friday,October,10,2026,18
Z698xZq2Z1k0N4-fO,MAMMA MIA! THE PARTY,https://www.ticketmaster.se/event/mamma-mia-the-party-tickets/923561520?language=en-us,https://s1.ticketm.net/dam/a/08d/3e62af05-2974-4fea-836f-c0c75ed0008d_RETINA_LANDSCAPE_16_9.jpg,2026-10-17,13:00:00,onsale,Arts & Theatre,Theatre,Miscellaneous,Tyrol,Stockholm,Lilla Allmänna Gränd 2,59.324127,18.096259,,,,Saturday,October,10,2026,13
Z698xZq2Z16eZgowFF,MAMMA MIA! THE PARTY,https://www.ticketmaster.se/event/mamma-mia-the-party-tickets/2035472208?language=en-us,https://s1.ticketm.net/dam/a/08d/3e62af05-2974-4fea-836f-c0c75ed0008d_RETINA_LANDSCAPE_16_9.jpg,2026-10-17,19:30:00,onsale,Arts & Theatre,Theatre,Miscellaneous,Tyrol,Stockholm,Lilla Allmänna Gränd 2,59.324127,18.096259,,,,Saturday,October,10,2026,19
Z698xZq2Z1kvbO7Zb,MAMMA MIA! THE PARTY,https://www.ticketmaster.se/event/mamma-mia-the-party-tickets/58804018?language=en-us,https://s1.ticketm.net/dam/a/08d/3e62af05-2974-4fea-836f-c0c75ed0008d_RETINA_LANDSCAPE_16_9.jpg,2026-10-22,18:30:00,onsale,Arts & Theatre,Theatre,Musical,Tyrol,Stockholm,Lilla Allmänna Gränd 2,59.324127,18.096259,,,,Thursday,October,10,2026,18
Z698xZq2Z1koybdfg,MAMMA MIA! THE PARTY,https://www.ticketmaster.se/event/mamma-mia-the-party-tickets/479603535?language=en-us,https://s1.ticketm.net/dam/a/08d/3e62af05-2974-4fea-836f-c0c75ed0008d_RETINA_LANDSCAPE_16_9.jpg,2026-10-23,18:30:00,onsale,Arts & Theatre,Theatre,Musical,Tyrol,Stockholm,Lilla Allmänna Gränd 2,59.324127,18.096259,,,,Friday,October,10,2026,18
Z698xZq2Z16v4x0IFA,"Joe Bonamassa: Live in concert,Platinum Tickets",https://www.ticketmaster.se/event/joe-bonamassa-live-in-concertplatinum-tickets-tickets/1562928205?language=en-us,https://media.ticketmaster.eu/sweden/8856bd6917b55886a5cbfe5c472f5f91.jpg,2026-10-23,20:00:00,onsale,Music,Rock,Pop,,Stockholm,Globentorget 2,59.29416,18.08081,,,,Friday,October,10,2026,20
Z698xZq2Z1k86FobO,MAMMA MIA! THE PARTY,https://www.ticketmaster.se/event/mamma-mia-the-party-tickets/407211620?language=en-us,https://s1.ticketm.net/dam/a/08d/3e62af05-2974-4fea-836f-c0c75ed0008d_RETINA_LANDSCAPE_16_9.jpg,2026-10-24,13:00:00,onsale,Arts & Theatre,Theatre,Musical,Tyrol,Stockholm,Lilla Allmänna Gränd 2,59.324127,18.096259,,,,Saturday,October,10,2026,13
Z698xZq2Z1k7-bAQA,MAMMA MIA! THE PARTY,https://www.ticketmaster.se/event/mamma-mia-the-party-tickets/121605685?language=en-us,https://s1.ticketm.net/dam/a/08d/3e62af05-2974-4fea-836f-c0c75ed0008d_RETINA_LANDSCAPE_16_9.jpg,2026-10-24,19:30:00,onsale,Arts & Theatre,Theatre,Musical,Tyrol,Stockholm,Lilla Allmänna Gränd 2,59.324127,18.096259,,,,Saturday,October,10,2026,19
Z698xZq2Z16vvg4M0x,FAMILY SHOW - MAMMA MIA! THE PARTY,https://www.ticketmaster.se/event/family-show-mamma-mia-the-party-tickets/1075577922?language=en-us,https://s1.ticketm.net/dam/a/08d/3e62af05-2974-4fea-836f-c0c75ed0008d_RETINA_LANDSCAPE_16_9.jpg,2026-10-25,14:00:00,onsale,Arts & Theatre,Theatre,Musical,Tyrol,Stockholm,Lilla Allmänna Gränd 2,59.324127,18.096259,,,,Sunday,October,10,2026,14
Z698xZq2Z1kuoe383,"Deep Purple, Platinum tickets",https://www.ticketmaster.se/event/deep-purple-platinum-tickets-tickets/351092412?language=en-us,https://s1.ticketm.net/dam/a/1ab/d2166ea6-ff9e-4067-8c0e-02ae0a38e1ab_TABLET_LANDSCAPE_LARGE_16_9.jpg,2026-10-26,19:30:00,onsale,Music,Rock,Pop,,Stockholm,Globentorget 2,59.29416,18.08081,,,,Monday,October,10,2026,19
Z698xZq2Z16vaPF9xF,MAMMA MIA! THE PARTY,https://www.ticketmaster.se/event/mamma-mia-the-party-tickets/1265217888?language=en-us,https://s1.ticketm.net/dam/a/08d/3e62af05-2974-4fea-836f-c0c75ed0008d_RETINA_LANDSCAPE_16_9.jpg,2026-10-30,18:30:00,onsale,Arts & Theatre,Theatre,Miscellaneous,Tyrol,Stockholm,Lilla Allmänna Gränd 2,59.324127,18.096259,,,,Friday,October,10,2026,18
Z698xZq2Z1ka9v9Q8,The Fray - Autumn Light Tour,https://www.ticketmaster.se/event/the-fray-autumn-light-tour-tickets/257057690?language=en-us,https://s1.ticketm.net/dam/a/934/5c3b06ec-78b0-4b96-ae7e-56425753f934_RETINA_PORTRAIT_3_2.jpg,2026-10-30,20:00:00,onsale,Music,Other,Other,B-K,Stockholm,Frihamnsgatan 14,59.3417,18.11862,,,,Friday,October,10,2026,20
Z698xZq2Z16vu-uSb6,MAMMA MIA! THE PARTY,https://www.ticketmaster.se/event/mamma-mia-the-party-tickets/1361373607?language=en-us,https://s1.ticketm.net/dam/a/08d/3e62af05-2974-4fea-836f-c0c75ed0008d_RETINA_LANDSCAPE_16_9.jpg,2026-10-31,13:00:00,onsale,Arts & Theatre,Theatre,Miscellaneous,Tyrol,Stockholm,Lilla Allmänna Gränd 2,59.324127,18.096259,,,,Saturday,October,10,2026,13
Z698xZq2Z16vqNawoA,MAMMA MIA! THE PARTY,https://www.ticketmaster.se/event/mamma-mia-the-party-tickets/1763272445?language=en-us,https://s1.ticketm.net/dam/a/08d/3e62af05-2974-4fea-836f-c0c75ed0008d_RETINA_LANDSCAPE_16_9.jpg,2026-10-31,19:30:00,onsale,Arts & Theatre,Theatre,Miscellaneous,Tyrol,Stockholm,Lilla Allmänna Gränd 2,59.324127,18.096259,,,,Saturday,October,10,2026,19
Z698xZq2Z1kOxjFbE,MAMMA MIA! THE PARTY,https://www.ticketmaster.se/event/mamma-mia-the-party-tickets/822708627?language=en-us,https://s1.ticketm.net/dam/a/08d/3e62af05-2974-4fea-836f-c0c75ed0008d_RETINA_LANDSCAPE_16_9.jpg,2026-11-05,18:30:00,onsale,Arts & Theatre,Theatre,Miscellaneous,Tyrol,Stockholm,Lilla Allmänna Gränd 2,59.324127,18.096259,,,,Thursday,November,11,2026,18
Z698xZq2Z16vP-_6aJ,"Elvis, Elvis, Elvis!",https://www.ticketmaster.se/event/elvis-elvis-elvis-tickets/1961647266?language=en-us,https://s1.ticketm.net/dam/a/743/ffe78e3c-4f1d-44b0-8303-99bfcf80d743_ARTIST_PAGE_3_2.jpg,2026-11-05,19:00:00,onsale,Music,Rock,Pop,,Stockholm,Djurgårdsslätten 43-45,59.32458,18.0997,,,,Thursday,November,11,2026,19
Z698xZq2Z1k0_jP-0,MAMMA MIA! THE PARTY,https://www.ticketmaster.se/event/mamma-mia-the-party-tickets/919725864?language=en-us,https://s1.ticketm.net/dam/a/08d/3e62af05-2974-4fea-836f-c0c75ed0008d_RETINA_LANDSCAPE_16_9.jpg,2026-11-06,18:30:00,onsale,Arts & Theatre,Theatre,Musical,Tyrol,Stockholm,Lilla Allmänna Gränd 2,59.324127,18.096259,,,,Friday,November,11,2026,18
Z698xZq2Z16vC6FSFM,MAMMA MIA! THE PARTY,https://www.ticketmaster.se/event/mamma-mia-the-party-tickets/1387233237?language=en-us,https://s1.ticketm.net/dam/a/08d/3e62af05-2974-4fea-836f-c0c75ed0008d_RETINA_LANDSCAPE_16_9.jpg,2026-11-07,13:00:00,onsale,Arts & Theatre,Theatre,Miscellaneous,Tyrol,Stockholm,Lilla Allmänna Gränd 2,59.324127,18.096259,,,,Saturday,November,11,2026,13
Z698xZq2Z1AYfdfA,MAMMA MIA! THE PARTY,https://www.ticketmaster.se/event/mamma-mia-the-party-tickets/30503505?language=en-us,https://s1.ticketm.net/dam/a/08d/3e62af05-2974-4fea-836f-c0c75ed0008d_RETINA_LANDSCAPE_16_9.jpg,2026-11-07,19:30:00,onsale,Arts & Theatre,Theatre,Miscellaneous,Tyrol,Stockholm,Lilla Allmänna Gränd 2,59.324127,18.096259,,,,Saturday,November,11,2026,19
Z698xZq2Z1kF3fKab,Beth Hart,https://www.ticketmaster.se/event/beth-hart-tickets/212513258?language=en-us,https://s1.ticketm.net/dam/a/b4c/91190663-23ba-4a63-bb2f-0e8187e2db4c_EVENT_DETAIL_PAGE_16_9.jpg,2026-11-07,20:00:00,rescheduled,Music,Rock,Pop,B-K,Stockholm,Frihamnsgatan 14,59.3417,18.11862,,,,Saturday,November,11,2026,20
Z698xZq2Z1k-vaeGt,Kneecap,https://www.ticketmaster.se/event/kneecap-tickets/841242329?language=en-us,https://s1.ticketm.net/dam/a/933/7ddad2cb-140c-4c3f-a6d5-03fca1e2e933_RETINA_PORTRAIT_16_9.jpg,2026-11-09,19:30:00,onsale,Music,Other,Other,B-K,Stockholm,Frihamnsgatan 14,59.3417,18.11862,,,,Monday,November,11,2026,19
Z698xZq2Z16vovpkGM,"J. Cole: The Fall-Off Tour, Platinum Tickets",https://www.ticketmaster.se/event/j-cole-the-fall-off-tour-platinum-tickets-tickets/1441586337?language=en-us,https://s1.ticketm.net/dam/a/00a/087c7d8e-2940-4e0a-9600-f85e2193000a_EVENT_DETAIL_PAGE_16_9.jpg,2026-11-11,19:30:00,onsale,Music,Hip-Hop/Rap,Hip-Hop/Rap,,Stockholm,Globentorget 2,59.29416,18.08081,,,,Wednesday,November,11,2026,19
Z698xZq2Z16vp6GyJb,MAMMA MIA! THE PARTY,https://www.ticketmaster.se/event/mamma-mia-the-party-tickets/1587339998?language=en-us,https://s1.ticketm.net/dam/a/08d/3e62af05-2974-4fea-836f-c0c75ed0008d_RETINA_LANDSCAPE_16_9.jpg,2026-11-12,18:30:00,onsale,Arts & Theatre,Theatre,Musical,Tyrol,Stockholm,Lilla Allmänna Gränd 2,59.324127,18.096259,,,,Thursday,November,11,2026,18
Z698xZq2Z16v4akafy,MAMMA MIA! THE PARTY,https://www.ticketmaster.se/event/mamma-mia-the-party-tickets/1549189539?language=en-us,https://s1.ticketm.net/dam/a/08d/3e62af05-2974-4fea-836f-c0c75ed0008d_RETINA_LANDSCAPE_16_9.jpg,2026-11-13,18:30:00,onsale,Arts & Theatre,Theatre,Miscellaneous,Tyrol,Stockholm,Lilla Allmänna Gränd 2,59.324127,18.096259,,,,Friday,November,11,2026,18
Z698xZq2Z1kAejaCo,BENJAMIN INGROSSO | WHAT HAPPENS NEXT? | Platinum tickets,https://www.ticketmaster.se/event/benjamin-ingrosso-%7C-what-happens-next-%7C-platinum-tickets-tickets/142709391?language=en-us,https://s1.ticketm.net/dam/a/d86/a8e3f394-502b-42f4-ac39-d9b7cedbbd86_ARTIST_PAGE_3_2.jpg,2026-11-13,19:30:00,onsale,Music,Rock,Pop,,Stockholm,Globentorget 2,59.29416,18.08081,,,,Friday,November,11,2026,19
Z698xZq2Z1kq3vA8I,MAMMA MIA! THE PARTY,https://www.ticketmaster.se/event/mamma-mia-the-party-tickets/752045428?language=en-us,https://s1.ticketm.net/dam/a/08d/3e62af05-2974-4fea-836f-c0c75ed0008d_RETINA_LANDSCAPE_16_9.jpg,2026-11-14,13:00:00,onsale,Arts & Theatre,Theatre,Miscellaneous,Tyrol,Stockholm,Lilla Allmänna Gränd 2,59.324127,18.096259,,,,Saturday,November,11,2026,13
Z698xZq2Z1kr6_zC7,BENJAMIN INGROSSO | WHAT HAPPENS NEXT? | Platinum tickets,https://www.ticketmaster.se/event/benjamin-ingrosso-%7C-what-happens-next-%7C-platinum-tickets-tickets/787678384?language=en-us,https://s1.ticketm.net/dam/a/d86/a8e3f394-502b-42f4-ac39-d9b7cedbbd86_ARTIST_PAGE_3_2.jpg,2026-11-14,19:30:00,onsale,Music,Rock,Pop,,Stockholm,Globentorget 2,59.29416,18.08081,,,,Saturday,November,11,2026,19
Z698xZq2Z1kxd0Eq0,MAMMA MIA! THE PARTY,https://www.ticketmaster.se/event/mamma-mia-the-party-tickets/883927764?language=en-us,https://s1.ticketm.net/dam/a/08d/3e62af05-2974-4fea-836f-c0c75ed0008d_RETINA_LANDSCAPE_16_9.jpg,2026-11-14,19:30:00,onsale,Arts & Theatre,Theatre,Musical,Tyrol,Stockholm,Lilla Allmänna Gränd 2,59.324127,18.096259,,,,Saturday,November,11,2026,19
Z698xZq2Z16v-IvYat,MAMMA MIA! THE PARTY,https://www.ticketmaster.se/event/mamma-mia-the-party-tickets/1868070269?language=en-us,https://s1.ticketm.net/dam/a/08d/3e62af05-2974-4fea-836f-c0c75ed0008d_RETINA_LANDSCAPE_16_9.jpg,2026-11-19,18:30:00,onsale,Arts & Theatre,Theatre,Miscellaneous,Tyrol,Stockholm,Lilla Allmänna Gränd 2,59.324127,18.096259,,,,Thursday,November,11,2026,18
Z698xZq2Z1kC34I7p,MAMMA MIA! THE PARTY,https://www.ticketmaster.se/event/mamma-mia-the-party-tickets/392568116?language=en-us,https://s1.ticketm.net/dam/a/08d/3e62af05-2974-4fea-836f-c0c75ed0008d_RETINA_LANDSCAPE_16_9.jpg,2026-11-20,18:30:00,onsale,Arts & Theatre,Theatre,Miscellaneous,Tyrol,Stockholm,Lilla Allmänna Gränd 2,59.324127,18.096259,,,,Friday,November,11,2026,18
Z698xZq2Z16vQffE39,MAMMA MIA! THE PARTY,https://www.ticketmaster.se/event/mamma-mia-the-party-tickets/1694527497?language=en-us,https://s1.ticketm.net/dam/a/08d/3e62af05-2974-4fea-836f-c0c75ed0008d_RETINA_LANDSCAPE_16_9.jpg,2026-11-21,13:00:00,onsale,Arts & Theatre,Theatre,Miscellaneous,Tyrol,Stockholm,Lilla Allmänna Gränd 2,59.324127,18.096259,,,,Saturday,November,11,2026,13
Z698xZq2Z1k43btOM,MAMMA MIA! THE PARTY,https://www.ticketmaster.se/event/mamma-mia-the-party-tickets/552629837?language=en-us,https://s1.ticketm.net/dam/a/08d/3e62af05-2974-4fea-836f-c0c75ed0008d_RETINA_LANDSCAPE_16_9.jpg,2026-11-21,19:30:00,onsale,Arts & Theatre,Theatre,Miscellaneous,Tyrol,Stockholm,Lilla Allmänna Gränd 2,59.324127,18.096259,,,,Saturday,November,11,2026,19
Z698xZq2Z16vpdo707,MAMMA MIA! THE PARTY,https://www.ticketmaster.se/event/mamma-mia-the-party-tickets/1583444904?language=en-us,https://s1.ticketm.net/dam/a/08d/3e62af05-2974-4fea-836f-c0c75ed0008d_RETINA_LANDSCAPE_16_9.jpg,2026-11-26,18:30:00,onsale,Arts & Theatre,Theatre,Musical,Tyrol,Stockholm,Lilla Allmänna Gränd 2,59.324127,18.096259,,,,Thursday,November,11,2026,18
Z698xZq2Z16ev-GgvS,MAMMA MIA! THE PARTY,https://www.ticketmaster.se/event/mamma-mia-the-party-tickets/2061335073?language=en-us,https://s1.ticketm.net/dam/a/08d/3e62af05-2974-4fea-836f-c0c75ed0008d_RETINA_LANDSCAPE_16_9.jpg,2026-11-27,18:30:00,onsale,Arts & Theatre,Theatre,Miscellaneous,Tyrol,Stockholm,Lilla Allmänna Gränd 2,59.324127,18.096259,,,,Friday,November,11,2026,18
Z698xZq2Z16eZbfvax,MAMMA MIA! THE PARTY,https://www.ticketmaster.se/event/mamma-mia-the-party-tickets/2018501262?language=en-us,https://s1.ticketm.net/dam/a/08d/3e62af05-2974-4fea-836f-c0c75ed0008d_RETINA_LANDSCAPE_16_9.jpg,2026-11-28,13:00:00,onsale,Arts & Theatre,Theatre,Musical,Tyrol,Stockholm,Lilla Allmänna Gränd 2,59.324127,18.096259,,,,Saturday,November,11,2026,13
Z698xZq2Z16vubuZj9,MAMMA MIA! THE PARTY,https://www.ticketmaster.se/event/mamma-mia-the-party-tickets/1358340717?language=en-us,https://s1.ticketm.net/dam/a/08d/3e62af05-2974-4fea-836f-c0c75ed0008d_RETINA_LANDSCAPE_16_9.jpg,2026-11-28,19:30:00,onsale,Arts & Theatre,Theatre,Musical,Tyrol,Stockholm,Lilla Allmänna Gränd 2,59.324127,18.096259,,,,Saturday,November,11,2026,19
Z698xZq2Z1kfOpe8v,ARLO PARKS - DESIRE TOUR,https://www.ticketmaster.se/event/arlo-parks-desire-tour-tickets/520582401?language=en-us,https://s1.ticketm.net/dam/a/47e/d532f689-dc81-43ac-9fb8-8e2ea364e47e_RECOMENDATION_16_9.jpg,2026-12-02,20:00:00,onsale,Music,Alternative,Alternative Rock,,Stockholm,Styckmästergatan 10,59.29224,18.08012,,,,Wednesday,December,12,2026,20
Z698xZq2Z16vv0_yv-,Star Wars: A New Hope Live in Concert,https://www.ticketmaster.se/event/star-wars-a-new-hope-live-in-concert-tickets/1064679061?language=en-us,https://s1.ticketm.net/dam/a/e59/b92edc88-e6a7-485c-8180-118bf30c0e59_SOURCE,2027-03-27,15:00:00,onsale,Music,Other,Other,Stockholm Waterfront,Stockholm,Nils Ericsons Plan 4,59.32982,18.05621,,,,Saturday,March,3,2027,15
Z698xZq2Z16vx40y09,Star Wars: A New Hope Live in Concert,https://www.ticketmaster.se/event/star-wars-a-new-hope-live-in-concert-tickets/1895939917?language=en-us,https://s1.ticketm.net/dam/a/e59/b92edc88-e6a7-485c-8180-118bf30c0e59_SOURCE,2027-03-27,19:30:00,onsale,Music,Other,Other,Stockholm Waterfront,Stockholm,Nils Ericsons Plan 4,59.32982,18.05621,,,,Saturday,March,3,2027,19
Z698xZq2Z1ANjx7Z,"RUSH, FIFTY SOMETHING, Platinum Tickets",https://www.ticketmaster.se/event/rush-fifty-something-platinum-tickets-tickets/23722100?language=en-us,https://s1.ticketm.net/dam/a/6bd/c02199ad-8d22-4668-8973-f400d85826bd_TABLET_LANDSCAPE_16_9.jpg,2027-04-08,20:00:00,onsale,Music,Rock,Pop,,Stockholm,Globentorget 2,59.29416,18.08081,,,,Thursday,April,4,2027,20
Z698xZq2Z17_OjN,Sofia GA 0522 Real - Do not purchases,https://www.ticketmaster.se/event/sofia-ga-0522-real-do-not-purchases-tickets/660723?language=en-us,https://s1.ticketm.net/dam/c/368/b70b1d5a-ce61-4ca9-a3c7-3381694ae368_105351_TABLET_LANDSCAPE_3_2.jpg,2027-12-22,01:00:00,onsale,Miscellaneous,Family,Other,Ticketmaster,Stockholm,Centralplan 15,59.33353,18.0572,,,,Wednesday,December,12,2027,1
