name,date,time,venue_name,genre,segment,url,image
& Julia,2026-04-11,15:00:00,Cirkus,Theatre,Arts & Theatre,https://www.ticketmaster.se/event/-julia-biljetter/1934936945,https://s1.ticketm.net/dam/a/9d5/39c257d4-fad5-4891-8029-070e011c09d5_TABLET_LANDSCAPE_3_2.jpg
Mette Ingvartsen - SKATEPARK,2026-04-11,15:00:00,Dansens Hus - Stora Scen,Dance,Arts & Theatre,https://www.ticketmaster.se/event/mette-ingvartsen-skatepark-biljetter/1220502374,https://s1.ticketm.net/dam/a/fbe/c50494b8-a4a8-4032-bce6-81dec0709fbe_CUSTOM.jpg
Bo Kaspers Orkester - Il magnifico,2026-04-11,16:00:00,Göta Lejon,Spectacular,Arts & Theatre,https://www.ticketmaster.se/event/bo-kaspers-orkester-il-magnifico-biljetter/11079025,https://s1.ticketm.net/dam/e/502/dd7417c8-5d96-4264-a80b-046178a11502_RECOMENDATION_16_9.jpg
Labero's Magic World,2026-04-11,18:00:00,La Botanica,Food & Drink,Miscellaneous,https://www.ticketmaster.se/event/laberos-magic-world-biljetter/1146839620,https://s1.ticketm.net/dam/a/f00/7a24bdb3-8f78-408b-85aa-125463437f00_TABLET_LANDSCAPE_3_2.jpg
Svartklubben - Mat & Musik i Mörker,2026-04-11,18:00:00,Svartklubben,Theatre,Arts & Theatre,https://www.ticketmaster.se/event/svartklubben-mat--musik-i-morker-biljetter/1691927462,https://s1.ticketm.net/dam/a/841/1c1b2a57-616a-4e71-8e64-37d129780841_TABLET_LANDSCAPE_16_9.jpg
MAMMA MIA! THE PARTY,2026-04-11,19:30:00,Tyrol,Theatre,Arts & Theatre,https://www.ticketmaster.se/event/mamma-mia-the-party-biljetter/1212197324,https://s1.ticketm.net/dam/e/d78/e055a3c6-df72-44c6-9c2a-adff8b7bcd78_CUSTOM.jpg
Bo Kaspers Orkester - Il magnifico,2026-04-11,19:30:00,Göta Lejon,Rock,Music,https://www.ticketmaster.se/event/bo-kaspers-orkester-il-magnifico-biljetter/873198548,https://s1.ticketm.net/dam/e/9f5/189e04cc-d86d-4ec2-9802-631f2227e9f5_TABLET_LANDSCAPE_3_2.jpg
& Julia,2026-04-11,19:30:00,Cirkus,Theatre,Arts & Theatre,https://www.ticketmaster.se/event/-julia-biljetter/679677459,https://s1.ticketm.net/dam/a/9d5/39c257d4-fad5-4891-8029-070e011c09d5_TABLET_LANDSCAPE_3_2.jpg
MAFFIA COMEDY SUPERWEEKEND med Viktor Engberg,2026-04-11,20:00:00,Clarion Hotel Sign,Comedy,Arts & Theatre,https://www.ticketmaster.se/event/maffia-comedy-superweekend-med-viktor-engberg-biljetter/1110209384,https://s1.ticketm.net/dam/a/2f9/43412b6f-da4a-4529-afd0-31ba4b1162f9_RECOMENDATION_16_9.jpg
& Julia,2026-04-12,15:00:00,Cirkus,Theatre,Arts & Theatre,https://www.ticketmaster.se/event/-julia-biljetter/1787576527,https://s1.ticketm.net/dam/a/9d5/39c257d4-fad5-4891-8029-070e011c09d5_TABLET_LANDSCAPE_3_2.jpg
Ichiko Aoba,2026-04-12,19:30:00,Göta Lejon,Blues,Music,https://www.ticketmaster.se/event/ichiko-aoba-biljetter/83301572,https://s1.ticketm.net/dam/e/c01/983eea98-05d6-4ad4-b655-b4919c6e1c01_TABLET_LANDSCAPE_16_9.jpg
WITCH FEVER,2026-04-12,19:40:00,Debaser Nova,Other,Music,https://www.ticketmaster.se/event/witch-fever-biljetter/22303485,https://s1.ticketm.net/dam/a/76b/4791cbda-188d-4a39-827c-9cf937f4d76b_TABLET_LANDSCAPE_LARGE_16_9.jpg
Svartklubben - Mat & Musik i Mörker,2026-04-14,18:00:00,Svartklubben,Food & Drink,Miscellaneous,https://www.ticketmaster.se/event/svartklubben-mat--musik-i-morker-biljetter/848343612,https://s1.ticketm.net/dam/a/841/1c1b2a57-616a-4e71-8e64-37d129780841_TABLET_LANDSCAPE_16_9.jpg
Eric Idle,2026-04-14,19:00:00,Cirkus,Comedy,Arts & Theatre,https://www.ticketmaster.se/event/eric-idle-always-look-on-the-bright-side-of-life-live-biljetter/484094845,https://s1.ticketm.net/dam/e/d88/0cbf49c5-f18e-4a38-ae44-0dcf61442d88_RECOMENDATION_16_9.jpg
40 Fingers,2026-04-15,19:30:00,Göta Lejon,Rock,Music,https://www.ticketmaster.se/event/40-fingers-biljetter/1024317677,https://s1.ticketm.net/dam/e/a38/c01c9483-250c-4c4c-b7f8-bb4829ff1a38_RETINA_LANDSCAPE_16_9.jpg
Amanda Bergman,2026-04-15,19:30:00,Cirkus,Alternative,Music,https://www.ticketmaster.se/event/amanda-bergman-biljetter/1241689022,https://s1.ticketm.net/dam/a/da1/c489a12c-bab8-469b-a9e7-bb7e67754da1_RECOMENDATION_16_9.jpg
Svartklubben - Mat & Musik i Mörker,2026-04-16,18:00:00,Svartklubben,Theatre,Arts & Theatre,https://www.ticketmaster.se/event/svartklubben-mat--musik-i-morker-biljetter/1261935739,https://s1.ticketm.net/dam/a/841/1c1b2a57-616a-4e71-8e64-37d129780841_TABLET_LANDSCAPE_16_9.jpg
MAMMA MIA! THE PARTY,2026-04-16,18:30:00,Tyrol,Theatre,Arts & Theatre,https://www.ticketmaster.se/event/mamma-mia-the-party-biljetter/578415131,https://s1.ticketm.net/dam/e/196/c0ed667f-634b-4ead-8a88-6ac7d2dc2196_CUSTOM.jpg
Efva Lilja - A Life as Right as Rain,2026-04-16,19:00:00,Dansens Hus Blackbox,Dance,Arts & Theatre,https://www.ticketmaster.se/event/efva-lilja-a-life-as-right-as-rain-biljetter/856519166,https://s1.ticketm.net/dam/a/6c1/57bab500-611c-41c9-9715-8cffef9666c1_ARTIST_PAGE_3_2.jpg
Bo Kaspers Orkester - Il magnifico,2026-04-16,19:30:00,Göta Lejon,Rock,Music,https://www.ticketmaster.se/event/bo-kaspers-orkester-il-magnifico-biljetter/1349117534,https://s1.ticketm.net/dam/e/6be/002872f1-8844-4631-b998-5185ff3226be_EVENT_DETAIL_PAGE_16_9.jpg
Happy Voices under ledning av Gabriel Forss. Gäst: Linnea Henriksson,2026-04-16,19:30:00,Filadelfia Convention Center,Rock,Music,https://www.ticketmaster.se/event/happy-voices-under-ledning-av-gabriel-forss-gast-linnea-henriksson-biljetter/834689993,https://s1.ticketm.net/dam/e/5b0/8be2d53f-b630-4a54-b485-e4d7422745b0_ARTIST_PAGE_3_2.jpg
& Julia,2026-04-16,19:30:00,Cirkus,Theatre,Arts & Theatre,https://www.ticketmaster.se/event/-julia-biljetter/602850320,https://s1.ticketm.net/dam/a/9d5/39c257d4-fad5-4891-8029-070e011c09d5_TABLET_LANDSCAPE_3_2.jpg
Guldgruvan comedyklubb,2026-04-16,20:00:00,Sofia Common,Comedy,Arts & Theatre,https://www.ticketmaster.se/event/guldgruvan-comedyklubb-biljetter/571843336,https://s1.ticketm.net/dam/a/933/04589563-a8b7-492d-8612-ac299f8d5933_CUSTOM.jpg
"Maias Party at Spy Bar with Maia, Sun of Malaichi & Shimmer",2026-04-16,21:00:00,Spy Bar,Dance/Electronic,Music,https://www.ticketmaster.se/event/maias-party-at-spy-bar-with-maia-sun-of-malaichi--shimmer-biljetter/1912642734,https://s1.ticketm.net/dam/e/69f/d0924f84-6afe-40f1-928b-c5c9c27b269f_RETINA_LANDSCAPE_16_9.jpg
Labero's Magic World,2026-04-17,18:00:00,La Botanica,Magic & Illusion,Arts & Theatre,https://www.ticketmaster.se/event/laberos-magic-world-biljetter/1555755873,https://s1.ticketm.net/dam/a/f00/7a24bdb3-8f78-408b-85aa-125463437f00_TABLET_LANDSCAPE_3_2.jpg
Svartklubben - Mat & Musik i Mörker,2026-04-17,18:00:00,Svartklubben,Food & Drink,Miscellaneous,https://www.ticketmaster.se/event/svartklubben-mat--musik-i-morker-biljetter/1664647924,https://s1.ticketm.net/dam/a/841/1c1b2a57-616a-4e71-8e64-37d129780841_TABLET_LANDSCAPE_16_9.jpg
MAMMA MIA! THE PARTY,2026-04-17,18:30:00,Tyrol,Theatre,Arts & Theatre,https://www.ticketmaster.se/event/mamma-mia-the-party-biljetter/209765765,https://s1.ticketm.net/dam/e/5a1/96b792e6-8fc9-4992-ad64-6b1d795c85a1_RETINA_PORTRAIT_3_2.jpg
Mnozil Brass - 30-årsjubileum!,2026-04-17,19:00:00,Filadelfia Convention Center,Spectacular,Arts & Theatre,https://www.ticketmaster.se/event/mnozil-brass-30-arsjubileum-biljetter/1520923382,https://s1.ticketm.net/dam/a/76e/712210b6-d1c1-4e6e-8176-ac77ed58c76e_ARTIST_PAGE_3_2.jpg
Efva Lilja - A Life as Right as Rain,2026-04-17,19:00:00,Dansens Hus Blackbox,Dance,Arts & Theatre,https://www.ticketmaster.se/event/efva-lilja-a-life-as-right-as-rain-biljetter/708443625,https://s1.ticketm.net/dam/a/6c1/57bab500-611c-41c9-9715-8cffef9666c1_ARTIST_PAGE_3_2.jpg
Bo Kaspers Orkester - Il magnifico,2026-04-17,19:30:00,Göta Lejon,Spectacular,Arts & Theatre,https://www.ticketmaster.se/event/bo-kaspers-orkester-il-magnifico-biljetter/2025992089,https://s1.ticketm.net/dam/e/c0c/81e31760-99d5-4ebb-8296-c3cbcad31c0c_RECOMENDATION_16_9.jpg
& Julia,2026-04-17,19:30:00,Cirkus,Theatre,Arts & Theatre,https://www.ticketmaster.se/event/-julia-biljetter/1845522085,https://s1.ticketm.net/dam/a/9d5/39c257d4-fad5-4891-8029-070e011c09d5_TABLET_LANDSCAPE_3_2.jpg
Per Andersson - Kardborreshowen,2026-04-17,20:00:00,Rival,Comedy,Arts & Theatre,https://www.ticketmaster.se/event/per-andersson-kardborreshowen-biljetter/1293383133,https://s1.ticketm.net/dam/a/85f/fb6817d8-005d-4dfb-8ac4-5dd636b5785f_ARTIST_PAGE_3_2.jpg
MAFFIA COMEDY SUPERWEEKEND - Elina Du Rietz,2026-04-17,20:00:00,Clarion Hotel Sign,Comedy,Arts & Theatre,https://www.ticketmaster.se/event/maffia-comedy-superweekend-elina-du-rietz-biljetter/1348552464,https://s1.ticketm.net/dam/a/2f9/43412b6f-da4a-4529-afd0-31ba4b1162f9_RECOMENDATION_16_9.jpg
Stadsvandring med Christopher O'Regan - Grändernas hemligheter,2026-04-18,11:00:00,Gamla stan,Family,Miscellaneous,https://www.ticketmaster.se/event/stadsvandring-med-christopher-oregan-grandernas-hemligheter-biljetter/680035551,https://s1.ticketm.net/dam/a/506/784570b2-0a86-4a75-8af4-bed7018b7506_CUSTOM.jpg
Claire Parsons - Puder,2026-04-18,11:00:00,Dansens Hus Studioscen,Dance,Arts & Theatre,https://www.ticketmaster.se/event/claire-parsons-puder-biljetter/881462832,https://s1.ticketm.net/dam/c/cf0/e3e32db3-adac-486f-b78d-7c8857f8bcf0_106191_RETINA_PORTRAIT_3_2.jpg
MAMMA MIA! THE PARTY,2026-04-18,13:00:00,Tyrol,Theatre,Arts & Theatre,https://www.ticketmaster.se/event/mamma-mia-the-party-biljetter/1606236918,https://s1.ticketm.net/dam/e/77e/e520232d-227d-4eaf-af18-8fc08ff7577e_TABLET_LANDSCAPE_LARGE_16_9.jpg
Claire Parsons - Puder,2026-04-18,13:00:00,Dansens Hus Studioscen,Dance,Arts & Theatre,https://www.ticketmaster.se/event/claire-parsons-puder-biljetter/1790118371,https://s1.ticketm.net/dam/c/cf0/e3e32db3-adac-486f-b78d-7c8857f8bcf0_106191_RETINA_PORTRAIT_3_2.jpg
& Julia,2026-04-18,15:00:00,Cirkus,Theatre,Arts & Theatre,https://www.ticketmaster.se/event/-julia-biljetter/1123059528,https://s1.ticketm.net/dam/a/9d5/39c257d4-fad5-4891-8029-070e011c09d5_TABLET_LANDSCAPE_3_2.jpg
Bo Kaspers Orkester - Il magnifico,2026-04-18,16:00:00,Göta Lejon,Rock,Music,https://www.ticketmaster.se/event/bo-kaspers-orkester-il-magnifico-biljetter/1875446245,https://s1.ticketm.net/dam/e/654/00b0ebba-d16d-446c-82d8-51deb49f4654_TABLET_LANDSCAPE_16_9.jpg
Efva Lilja - A Life as Right as Rain,2026-04-18,16:00:00,Dansens Hus Blackbox,Dance,Arts & Theatre,https://www.ticketmaster.se/event/efva-lilja-a-life-as-right-as-rain-biljetter/970660692,https://s1.ticketm.net/dam/a/6c1/57bab500-611c-41c9-9715-8cffef9666c1_ARTIST_PAGE_3_2.jpg
Per Andersson - Kardborreshowen,2026-04-18,17:00:00,Rival,Comedy,Arts & Theatre,https://www.ticketmaster.se/event/per-andersson-kardborreshowen-biljetter/1889265717,https://s1.ticketm.net/dam/a/85f/fb6817d8-005d-4dfb-8ac4-5dd636b5785f_ARTIST_PAGE_3_2.jpg
Labero's Magic World,2026-04-18,18:00:00,La Botanica,Food & Drink,Miscellaneous,https://www.ticketmaster.se/event/laberos-magic-world-biljetter/140260567,https://s1.ticketm.net/dam/a/f00/7a24bdb3-8f78-408b-85aa-125463437f00_TABLET_LANDSCAPE_3_2.jpg
Svartklubben - Mat & Musik i Mörker,2026-04-18,18:00:00,Svartklubben,Food & Drink,Miscellaneous,https://www.ticketmaster.se/event/svartklubben-mat--musik-i-morker-biljetter/339432464,https://s1.ticketm.net/dam/a/841/1c1b2a57-616a-4e71-8e64-37d129780841_TABLET_LANDSCAPE_16_9.jpg
LAVA The Scandinavian Tour 2026,2026-04-18,19:00:00,Nya Cirkus,Other,Music,https://www.ticketmaster.se/event/lava-the-scandinavian-tour-2026-biljetter/1862761959,https://s1.ticketm.net/dam/e/a20/4ca3d33a-3444-42a1-b29a-0a23f3852a20_CUSTOM.jpg
"5 Seconds of Summer - EVERYONE'S A STAR! WORLD TOUR, Platinum tickets",2026-04-18,19:00:00,Hovet,Rock,Music,https://www.ticketmaster.se/event/5-seconds-of-summer-everyones-a-star-world-tour-platinumbiljetter-biljetter/106623016,https://s1.ticketm.net/dam/a/fc0/23c8d778-e594-414e-8eab-307d6355dfc0_ARTIST_PAGE_3_2.jpg
MAMMA MIA! THE PARTY,2026-04-18,19:30:00,Tyrol,Theatre,Arts & Theatre,https://www.ticketmaster.se/event/mamma-mia-the-party-biljetter/1105887356,https://s1.ticketm.net/dam/e/a0d/dd7f8e15-926a-4e43-a4f4-f383a5756a0d_RETINA_PORTRAIT_16_9.jpg
Bo Kaspers Orkester - Il magnifico,2026-04-18,19:30:00,Göta Lejon,Spectacular,Arts & Theatre,https://www.ticketmaster.se/event/bo-kaspers-orkester-il-magnifico-biljetter/1884607905,https://s1.ticketm.net/dam/e/f31/df352019-8f20-4acd-ab2c-3426285adf31_RETINA_LANDSCAPE_16_9.jpg
& Julia,2026-04-18,19:30:00,Cirkus,Theatre,Arts & Theatre,https://www.ticketmaster.se/event/-julia-biljetter/76731448,https://s1.ticketm.net/dam/a/9d5/39c257d4-fad5-4891-8029-070e011c09d5_TABLET_LANDSCAPE_3_2.jpg
MAFFIA COMEDY SUPERWEEKEND - Elina Du Rietz,2026-04-18,20:00:00,Clarion Hotel Sign,Comedy,Arts & Theatre,https://www.ticketmaster.se/event/maffia-comedy-superweekend-elina-du-rietz-biljetter/1312134230,https://s1.ticketm.net/dam/a/2f9/43412b6f-da4a-4529-afd0-31ba4b1162f9_RECOMENDATION_16_9.jpg
Per Andersson - Kardborreshowen,2026-04-18,20:00:00,Rival,Comedy,Arts & Theatre,https://www.ticketmaster.se/event/per-andersson-kardborreshowen-biljetter/1368179248,https://s1.ticketm.net/dam/a/85f/fb6817d8-005d-4dfb-8ac4-5dd636b5785f_ARTIST_PAGE_3_2.jpg
& Julia,2026-04-19,15:00:00,Cirkus,Theatre,Arts & Theatre,https://www.ticketmaster.se/event/-julia-biljetter/1208478724,https://s1.ticketm.net/dam/a/9d5/39c257d4-fad5-4891-8029-070e011c09d5_TABLET_LANDSCAPE_3_2.jpg
Christopher Cross,2026-04-20,19:00:00,Cirkus,Other,Music,https://www.ticketmaster.se/event/christopher-cross-biljetter/265036023,https://s1.ticketm.net/dam/e/ebc/f9ec9170-cedf-479e-a772-ea73c4f07ebc_TABLET_LANDSCAPE_LARGE_16_9.jpg
"Matt Rife: Stay Golden World Tour, Platinum Tickets",2026-04-20,19:30:00,Avicii Arena,Comedy,Arts & Theatre,https://www.ticketmaster.se/event/matt-rife-stay-golden-world-tour-platinumbiljetter-biljetter/1175626703,https://s1.ticketm.net/dam/a/0c9/ca006906-7ad8-4113-ba63-f20659fd30c9_TABLET_LANDSCAPE_3_2.jpg
Svartklubben - Mat & Musik i Mörker,2026-04-21,18:00:00,Svartklubben,Theatre,Arts & Theatre,https://www.ticketmaster.se/event/svartklubben-mat--musik-i-morker-biljetter/897218619,https://s1.ticketm.net/dam/a/841/1c1b2a57-616a-4e71-8e64-37d129780841_TABLET_LANDSCAPE_16_9.jpg
Rhythm of the Dance,2026-04-21,19:00:00,Cirkus,Dance,Arts & Theatre,https://www.ticketmaster.se/event/rhythm-of-the-dance-biljetter/1700949831,https://s1.ticketm.net/dam/e/0ee/03d1602c-7a6a-4df6-937f-a5a8241bc0ee_SOURCE
Stödkonsert för Ukraina: Borys Ljatosjynsky,2026-04-21,19:00:00,Allhelgonakyrkan,Theatre,Arts & Theatre,https://www.ticketmaster.se/event/stodkonsert-for-ukraina-borys-ljatosjynsky-biljetter/746145991,https://s1.ticketm.net/dam/a/c23/43c3d863-3ce7-4868-973f-009502841c23_TABLET_LANDSCAPE_16_9.jpg
Medborgare Nûjen,2026-04-21,19:30:00,Rival,Comedy,Arts & Theatre,https://www.ticketmaster.se/event/medborgare-nujen-biljetter/1555016330,https://s1.ticketm.net/dam/e/592/0f2aedda-b6a8-45a3-b906-2c2d4ac2c592_TABLET_LANDSCAPE_16_9.jpg
GöteborgsOperans Danskompani - Little Concert,2026-04-22,18:00:00,Dansens Hus Studioscen,Dance,Arts & Theatre,https://www.ticketmaster.se/event/goteborgsoperans-danskompani-little-concert-biljetter/1878935974,https://s1.ticketm.net/dam/a/e9c/fdad61e3-9f19-412f-9ca3-3749b72e7e9c_TABLET_LANDSCAPE_LARGE_16_9.jpg
Svartklubben - Mat och standup i mörker,2026-04-22,18:00:00,Svartklubben,Food & Drink,Miscellaneous,https://www.ticketmaster.se/event/svartklubben-mat-och-standup-i-morker-biljetter/1914151971,https://s1.ticketm.net/dam/a/841/1c1b2a57-616a-4e71-8e64-37d129780841_TABLET_LANDSCAPE_16_9.jpg
"Sissela Kyle ""Min Föreställning Om Mamma""",2026-04-22,18:00:00,Cirkus,Comedy,Arts & Theatre,https://www.ticketmaster.se/event/sissela-kyle-min-forestallning-om-mamma-biljetter/1020574348,https://s1.ticketm.net/dam/a/9c2/2a0ef8c5-2686-46b8-8965-12ee791b79c2_RETINA_LANDSCAPE_16_9.jpg
Scott Bradlee’s Postmodern Jukebox - The Future Is Vintage Tour 2026,2026-04-22,19:30:00,Göta Lejon,Blues,Music,https://www.ticketmaster.se/event/scott-bradlees-postmodern-jukebox-the-future-is-vintage-tour-2026-biljetter/1317974929,https://s1.ticketm.net/dam/a/fe6/d40e50d5-65d7-4e26-855d-6dbdb0494fe6_SOURCE
Medborgare Nûjen,2026-04-22,19:30:00,Rival,Comedy,Arts & Theatre,https://www.ticketmaster.se/event/medborgare-nujen-biljetter/1017963529,https://s1.ticketm.net/dam/e/360/d4e8a2bf-04c6-479e-975a-28578b888360_EVENT_DETAIL_PAGE_16_9.jpg
Svartklubben - Mat & Musik i Mörker,2026-04-23,18:00:00,Svartklubben,Theatre,Arts & Theatre,https://www.ticketmaster.se/event/svartklubben-mat--musik-i-morker-biljetter/1367795763,https://s1.ticketm.net/dam/a/841/1c1b2a57-616a-4e71-8e64-37d129780841_TABLET_LANDSCAPE_16_9.jpg
GöteborgsOperans Danskompani - Little Concert,2026-04-23,18:00:00,Dansens Hus Studioscen,Dance,Arts & Theatre,https://www.ticketmaster.se/event/goteborgsoperans-danskompani-little-concert-biljetter/677024914,https://s1.ticketm.net/dam/a/e9c/fdad61e3-9f19-412f-9ca3-3749b72e7e9c_TABLET_LANDSCAPE_LARGE_16_9.jpg
MAMMA MIA! THE PARTY,2026-04-23,18:30:00,Tyrol,Theatre,Arts & Theatre,https://www.ticketmaster.se/event/mamma-mia-the-party-biljetter/1719083450,https://s1.ticketm.net/dam/e/20f/5ed3d767-833a-4037-887d-ec646e72c20f_RETINA_PORTRAIT_3_2.jpg
Bo Kaspers Orkester - Il magnifico,2026-04-23,19:30:00,Göta Lejon,Rock,Music,https://www.ticketmaster.se/event/bo-kaspers-orkester-il-magnifico-biljetter/1245063321,https://s1.ticketm.net/dam/e/646/a9f4701e-0828-4e04-bc82-99800f465646_TABLET_LANDSCAPE_3_2.jpg
& Julia,2026-04-23,19:30:00,Cirkus,Theatre,Arts & Theatre,https://www.ticketmaster.se/event/-julia-biljetter/1614199337,https://s1.ticketm.net/dam/a/9d5/39c257d4-fad5-4891-8029-070e011c09d5_TABLET_LANDSCAPE_3_2.jpg
Guldgruvan comedyklubb,2026-04-23,20:00:00,Sofia Common,Comedy,Arts & Theatre,https://www.ticketmaster.se/event/guldgruvan-comedyklubb-biljetter/1866004518,https://s1.ticketm.net/dam/a/933/04589563-a8b7-492d-8612-ac299f8d5933_CUSTOM.jpg
Former Child & Asullah + Claire Soukup + Gedz + Monochrome + Ängla,2026-04-23,21:00:00,Spy Bar,Dance/Electronic,Music,https://www.ticketmaster.se/event/former-child--asullah--claire-soukup--gedz--monochrome--angla-biljetter/1687377968,https://s1.ticketm.net/dam/e/695/e8eb16f1-d55d-4d23-815f-b976ed1cc695_RETINA_PORTRAIT_3_2.jpg
Svartklubben - Mat & Musik i Mörker,2026-04-24,18:00:00,Svartklubben,Theatre,Arts & Theatre,https://www.ticketmaster.se/event/svartklubben-mat--musik-i-morker-biljetter/2047323025,https://s1.ticketm.net/dam/a/841/1c1b2a57-616a-4e71-8e64-37d129780841_TABLET_LANDSCAPE_16_9.jpg
Labero's Magic World,2026-04-24,18:00:00,La Botanica,Magic & Illusion,Arts & Theatre,https://www.ticketmaster.se/event/laberos-magic-world-biljetter/388309171,https://s1.ticketm.net/dam/a/f00/7a24bdb3-8f78-408b-85aa-125463437f00_TABLET_LANDSCAPE_3_2.jpg
Teorin om relativitet,2026-04-24,18:30:00,Scen Studio Fyra,Dance,Arts & Theatre,https://www.ticketmaster.se/event/teorin-om-relativitet-biljetter/1256768521,https://s1.ticketm.net/dam/e/778/7ea14c88-c503-4141-a3b3-9fbcd4af9778_RETINA_PORTRAIT_16_9.jpg
MAMMA MIA! THE PARTY,2026-04-24,18:30:00,Tyrol,Theatre,Arts & Theatre,https://www.ticketmaster.se/event/mamma-mia-the-party-biljetter/708726093,https://s1.ticketm.net/dam/e/8af/5f0a9f26-3732-47ab-bc36-d652b6ceb8af_TABLET_LANDSCAPE_3_2.jpg
 Bachs samtliga sonater och partitor för violin - Konsert 1,2026-04-24,19:00:00,Allhelgonakyrkan,Classical,Arts & Theatre,https://www.ticketmaster.se/event/-bachs-samtliga-sonater-och-partitor-for-violin-konsert-1-biljetter/1283724614,https://s1.ticketm.net/dam/a/c23/43c3d863-3ce7-4868-973f-009502841c23_TABLET_LANDSCAPE_16_9.jpg
This is the moment - En historisk musikalresa i tiden,2026-04-24,19:00:00,Nya Cirkus,Theatre,Arts & Theatre,https://www.ticketmaster.se/event/this-is-the-moment-en-historisk-musikalresa-i-tiden-biljetter/1568927722,https://s1.ticketm.net/dam/e/9b5/125650d8-d90d-4ee5-9b52-1654f665e9b5_RETINA_PORTRAIT_16_9.jpg
GöteborgsOperans Danskompani - Hammer,2026-04-24,19:00:00,Dansens Hus - Stora Scen,Dance,Arts & Theatre,https://www.ticketmaster.se/event/goteborgsoperans-danskompani-hammer-biljetter/1067733778,https://s1.ticketm.net/dam/a/b1c/4622c629-ae9f-4db6-8129-64a516cc1b1c_RETINA_PORTRAIT_3_2.jpg
Bo Kaspers Orkester - Il magnifico,2026-04-24,19:30:00,Göta Lejon,Rock,Music,https://www.ticketmaster.se/event/bo-kaspers-orkester-il-magnifico-biljetter/569492958,https://s1.ticketm.net/dam/e/2ed/bafdf867-a735-405e-9a04-e748ebd332ed_RECOMENDATION_16_9.jpg
& Julia,2026-04-24,19:30:00,Cirkus,Theatre,Arts & Theatre,https://www.ticketmaster.se/event/-julia-biljetter/247560578,https://s1.ticketm.net/dam/a/9d5/39c257d4-fad5-4891-8029-070e011c09d5_TABLET_LANDSCAPE_3_2.jpg
Per Andersson - Kardborreshowen,2026-04-24,20:00:00,Rival,Comedy,Arts & Theatre,https://www.ticketmaster.se/event/per-andersson-kardborreshowen-biljetter/1171099156,https://s1.ticketm.net/dam/a/85f/fb6817d8-005d-4dfb-8ac4-5dd636b5785f_ARTIST_PAGE_3_2.jpg
MAFFIA COMEDY SUPERWEEKEND med Simon Garshasebi m.fl,2026-04-24,20:00:00,Clarion Hotel Sign,Comedy,Arts & Theatre,https://www.ticketmaster.se/event/maffia-comedy-superweekend-med-simon-garshasebi-mfl-biljetter/415013823,https://s1.ticketm.net/dam/a/2f9/43412b6f-da4a-4529-afd0-31ba4b1162f9_RECOMENDATION_16_9.jpg
Innellea (DJ Set),2026-04-24,22:00:00,Berns,Dance/Electronic,Music,https://www.ticketmaster.se/event/innellea-dj-set--biljetter/748630929,https://s1.ticketm.net/dam/e/683/3776bd48-f855-4a3d-8580-7332c0bcf683_RETINA_LANDSCAPE_16_9.jpg
Stadsvandring med Christopher O'Regan - Grändernas hemligheter,2026-04-25,11:00:00,Gamla stan,Fairs & Festivals,Miscellaneous,https://www.ticketmaster.se/event/stadsvandring-med-christopher-oregan-grandernas-hemligheter-biljetter/1457723360,https://s1.ticketm.net/dam/a/506/784570b2-0a86-4a75-8af4-bed7018b7506_CUSTOM.jpg
MAMMA MIA! THE PARTY,2026-04-25,13:00:00,Tyrol,Theatre,Arts & Theatre,https://www.ticketmaster.se/event/mamma-mia-the-party-biljetter/223968460,https://s1.ticketm.net/dam/e/f0e/6b5807c3-3d8d-41ec-9b23-eff5c5bb0f0e_RETINA_PORTRAIT_3_2.jpg
Teorin om relativitet,2026-04-25,14:00:00,Scen Studio Fyra,Dance,Arts & Theatre,https://www.ticketmaster.se/event/teorin-om-relativitet-biljetter/1630571918,https://s1.ticketm.net/dam/e/f7f/f4b65f98-d479-4bbf-bc61-6d9ab8d70f7f_RETINA_PORTRAIT_16_9.jpg
& Julia,2026-04-25,15:00:00,Cirkus,Theatre,Arts & Theatre,https://www.ticketmaster.se/event/-julia-biljetter/589204947,https://s1.ticketm.net/dam/a/9d5/39c257d4-fad5-4891-8029-070e011c09d5_TABLET_LANDSCAPE_3_2.jpg
Bo Kaspers Orkester - Il magnifico,2026-04-25,16:00:00,Göta Lejon,Spectacular,Arts & Theatre,https://www.ticketmaster.se/event/bo-kaspers-orkester-il-magnifico-biljetter/949994210,https://s1.ticketm.net/dam/e/529/6b468932-850d-4029-ac23-54faffc2b529_TABLET_LANDSCAPE_3_2.jpg
Per Andersson - Kardborreshowen,2026-04-25,17:00:00,Rival,Comedy,Arts & Theatre,https://www.ticketmaster.se/event/per-andersson-kardborreshowen-biljetter/1748958099,https://s1.ticketm.net/dam/a/85f/fb6817d8-005d-4dfb-8ac4-5dd636b5785f_ARTIST_PAGE_3_2.jpg
Teorin om relativitet,2026-04-25,17:00:00,Scen Studio Fyra,Dance,Arts & Theatre,https://www.ticketmaster.se/event/teorin-om-relativitet-biljetter/184554088,https://s1.ticketm.net/dam/e/f9d/b64cb75c-c349-4537-945a-a2c0e6076f9d_RETINA_PORTRAIT_3_2.jpg
 Bachs samtliga sonater och partitor för violin - Konsert 2,2026-04-25,18:00:00,Allhelgonakyrkan,Theatre,Arts & Theatre,https://www.ticketmaster.se/event/-bachs-samtliga-sonater-och-partitor-for-violin-konsert-2-biljetter/1844064992,https://s1.ticketm.net/dam/a/c23/43c3d863-3ce7-4868-973f-009502841c23_TABLET_LANDSCAPE_16_9.jpg
Svartklubben - Mat & Musik i Mörker,2026-04-25,18:00:00,Svartklubben,Theatre,Arts & Theatre,https://www.ticketmaster.se/event/svartklubben-mat--musik-i-morker-biljetter/1935227898,https://s1.ticketm.net/dam/a/841/1c1b2a57-616a-4e71-8e64-37d129780841_TABLET_LANDSCAPE_16_9.jpg
Labero's Magic World,2026-04-25,18:00:00,La Botanica,Magic & Illusion,Arts & Theatre,https://www.ticketmaster.se/event/laberos-magic-world-biljetter/1526536992,https://s1.ticketm.net/dam/a/f00/7a24bdb3-8f78-408b-85aa-125463437f00_TABLET_LANDSCAPE_3_2.jpg
This is the moment - En historisk musikalresa i tiden,2026-04-25,18:00:00,Nya Cirkus,Theatre,Arts & Theatre,https://www.ticketmaster.se/event/this-is-the-moment-en-historisk-musikalresa-i-tiden-biljetter/1726156094,https://s1.ticketm.net/dam/e/642/2a8c7023-ac0c-4ffa-b0d0-a0745890e642_EVENT_DETAIL_PAGE_16_9.jpg
GöteborgsOperans Danskompani - Hammer,2026-04-25,19:00:00,Dansens Hus - Stora Scen,Dance,Arts & Theatre,https://www.ticketmaster.se/event/goteborgsoperans-danskompani-hammer-biljetter/938814261,https://s1.ticketm.net/dam/a/b1c/4622c629-ae9f-4db6-8129-64a516cc1b1c_RETINA_PORTRAIT_3_2.jpg
Bo Kaspers Orkester - Il magnifico,2026-04-25,19:30:00,Göta Lejon,Spectacular,Arts & Theatre,https://www.ticketmaster.se/event/bo-kaspers-orkester-il-magnifico-biljetter/1208274891,https://s1.ticketm.net/dam/e/5ac/279d4ca5-e9b6-4af5-b39f-9d549c7ac5ac_RECOMENDATION_16_9.jpg
MAMMA MIA! THE PARTY,2026-04-25,19:30:00,Tyrol,Theatre,Arts & Theatre,https://www.ticketmaster.se/event/mamma-mia-the-party-biljetter/1089664090,https://s1.ticketm.net/dam/e/3b6/7dc5297e-7504-4232-b7b5-84385892b3b6_EVENT_DETAIL_PAGE_16_9.jpg
& Julia,2026-04-25,19:30:00,Cirkus,Theatre,Arts & Theatre,https://www.ticketmaster.se/event/-julia-biljetter/103343064,https://s1.ticketm.net/dam/a/9d5/39c257d4-fad5-4891-8029-070e011c09d5_TABLET_LANDSCAPE_3_2.jpg
Aleks: Tillsammans,2026-04-25,20:00:00,Vasateatern,Hip-Hop/Rap,Music,https://www.ticketmaster.se/event/aleks-tillsammans-biljetter/1221720623,https://s1.ticketm.net/dam/e/a03/800404f6-14b4-4d9e-a324-84b03093ca03_TABLET_LANDSCAPE_3_2.jpg
Per Andersson - Kardborreshowen,2026-04-25,20:00:00,Rival,Comedy,Arts & Theatre,https://www.ticketmaster.se/event/per-andersson-kardborreshowen-biljetter/1033493091,https://s1.ticketm.net/dam/a/85f/fb6817d8-005d-4dfb-8ac4-5dd636b5785f_ARTIST_PAGE_3_2.jpg
MAFFIA COMEDY SUPERWEEKEND med Simon Garshasebi m.fl,2026-04-25,20:00:00,Clarion Hotel Sign,Comedy,Arts & Theatre,https://www.ticketmaster.se/event/maffia-comedy-superweekend-med-simon-garshasebi-mfl-biljetter/234666490,https://s1.ticketm.net/dam/a/2f9/43412b6f-da4a-4529-afd0-31ba4b1162f9_RECOMENDATION_16_9.jpg
& Julia,2026-04-26,15:00:00,Cirkus,Theatre,Arts & Theatre,https://www.ticketmaster.se/event/-julia-biljetter/845100543,https://s1.ticketm.net/dam/a/9d5/39c257d4-fad5-4891-8029-070e011c09d5_TABLET_LANDSCAPE_3_2.jpg
Teorin om relativitet,2026-04-26,15:00:00,Scen Studio Fyra,Dance,Arts & Theatre,https://www.ticketmaster.se/event/teorin-om-relativitet-biljetter/225054753,https://s1.ticketm.net/dam/e/8fb/b3e51140-138d-4adf-aac3-3aa67609d8fb_RETINA_PORTRAIT_16_9.jpg
GöteborgsOperans Danskompani - Hammer,2026-04-26,15:00:00,Dansens Hus - Stora Scen,Dance,Arts & Theatre,https://www.ticketmaster.se/event/goteborgsoperans-danskompani-hammer-biljetter/256414694,https://s1.ticketm.net/dam/a/b1c/4622c629-ae9f-4db6-8129-64a516cc1b1c_RETINA_PORTRAIT_3_2.jpg
Visioner,2026-04-26,17:00:00,Engelbrektskyrkan,Theatre,Arts & Theatre,https://www.ticketmaster.se/event/visioner-biljetter/899350494,https://s1.ticketm.net/dam/a/5fd/59a6952f-ea4d-4341-8b7c-55df03d7d5fd_CUSTOM.jpg
Bach och Mozart med kör och orkester,2026-04-26,18:00:00,Katarina Kyrka,Theatre,Arts & Theatre,https://www.ticketmaster.se/event/bach-och-mozart-med-kor-och-orkester-biljetter/2083074526,https://s1.ticketm.net/dam/a/c23/43c3d863-3ce7-4868-973f-009502841c23_TABLET_LANDSCAPE_16_9.jpg
"Tame Impala, Platinum Tickets",2026-04-26,20:00:00,Avicii Arena,Rock,Music,https://www.ticketmaster.se/event/tame-impala-platinumbiljetter-biljetter/95494207,https://s1.ticketm.net/dam/a/8b4/0c49343b-d625-479b-9540-ec541d0f58b4_SOURCE
Prime Orchestra - Rock Sympho Show,2026-04-27,19:00:00,Cirkus,Rock,Music,https://www.ticketmaster.se/event/prime-orchestra-rock-sympho-show-biljetter/1655941297,https://s1.ticketm.net/dam/a/f1a/fd998d5e-a2d8-4216-822d-5bc214a47f1a_TABLET_LANDSCAPE_3_2.jpg
Comedy Dinner with the fool,2026-04-27,19:00:00,Göta Lejon,Theatre,Arts & Theatre,https://www.ticketmaster.se/event/comedy-dinner-with-the-fool-biljetter/1054276460,https://s1.ticketm.net/dam/e/481/ca2a7ecd-3cd1-4c30-b7ed-590a8a751481_TABLET_LANDSCAPE_16_9.jpg
Svartklubben - Mat & Musik i Mörker,2026-04-28,18:00:00,Svartklubben,Theatre,Arts & Theatre,https://www.ticketmaster.se/event/svartklubben-mat--musik-i-morker-biljetter/1434170480,https://s1.ticketm.net/dam/a/841/1c1b2a57-616a-4e71-8e64-37d129780841_TABLET_LANDSCAPE_16_9.jpg
Svartklubben - Mat & Musik i Mörker,2026-04-30,18:00:00,Svartklubben,Theatre,Arts & Theatre,https://www.ticketmaster.se/event/svartklubben-mat--musik-i-morker-biljetter/1363168772,https://s1.ticketm.net/dam/a/841/1c1b2a57-616a-4e71-8e64-37d129780841_TABLET_LANDSCAPE_16_9.jpg
MAMMA MIA! THE PARTY,2026-04-30,18:30:00,Tyrol,Theatre,Arts & Theatre,https://www.ticketmaster.se/event/mamma-mia-the-party-biljetter/839555657,https://s1.ticketm.net/dam/a/08d/3e62af05-2974-4fea-836f-c0c75ed0008d_RETINA_LANDSCAPE_16_9.jpg
& Julia,2026-04-30,19:30:00,Cirkus,Theatre,Arts & Theatre,https://www.ticketmaster.se/event/-julia-biljetter/494852652,https://s1.ticketm.net/dam/a/9d5/39c257d4-fad5-4891-8029-070e011c09d5_TABLET_LANDSCAPE_3_2.jpg
Zak Abel,2026-04-30,19:30:00,Debaser Nova,Other,Music,https://www.ticketmaster.se/event/zak-abel-biljetter/366558077,https://s1.ticketm.net/dam/a/755/ad1c401e-01a4-4eee-b5d7-2ed8f47dd755_CUSTOM.jpg
Guldgruvan comedyklubb,2026-04-30,20:00:00,Sofia Common,Comedy,Arts & Theatre,https://www.ticketmaster.se/event/guldgruvan-comedyklubb-biljetter/2076887578,https://s1.ticketm.net/dam/a/933/04589563-a8b7-492d-8612-ac299f8d5933_CUSTOM.jpg
BULLERBYN x VALBORG på Berns,2026-04-30,22:00:00,Berns,Hip-Hop/Rap,Music,https://www.ticketmaster.se/event/bullerbyn-x-valborg-pa-berns-biljetter/1909658448,https://s1.ticketm.net/dam/e/e57/8dc70c73-3645-4a01-959f-04c768ca7e57_RECOMENDATION_16_9.jpg
Svartklubben - Mat & Musik i Mörker,2026-05-01,18:00:00,Svartklubben,Food & Drink,Miscellaneous,https://www.ticketmaster.se/event/svartklubben-mat--musik-i-morker-biljetter/1409196998,https://s1.ticketm.net/dam/a/841/1c1b2a57-616a-4e71-8e64-37d129780841_TABLET_LANDSCAPE_16_9.jpg
MAMMA MIA! THE PARTY,2026-05-01,18:30:00,Tyrol,Theatre,Arts & Theatre,https://www.ticketmaster.se/event/mamma-mia-the-party-biljetter/1838899830,https://s1.ticketm.net/dam/e/e9d/2a400df1-e26a-4143-a128-4c8ffb1dfe9d_EVENT_DETAIL_PAGE_16_9.jpg
& Julia,2026-05-01,19:30:00,Cirkus,Theatre,Arts & Theatre,https://www.ticketmaster.se/event/-julia-biljetter/1815473588,https://s1.ticketm.net/dam/a/9d5/39c257d4-fad5-4891-8029-070e011c09d5_TABLET_LANDSCAPE_3_2.jpg
MAFFIA COMEDY SUPERWEEKEND med Simon Gärdenfors m.fl,2026-05-01,20:00:00,Clarion Hotel Sign,Comedy,Arts & Theatre,https://www.ticketmaster.se/event/maffia-comedy-superweekend-med-simon-gardenfors-mfl-biljetter/2024291046,https://s1.ticketm.net/dam/a/2f9/43412b6f-da4a-4529-afd0-31ba4b1162f9_RECOMENDATION_16_9.jpg
George Dalaras - Rembetiko,2026-05-01,20:00:00,Filadelfia Convention Center,World,Music,https://www.ticketmaster.se/event/george-dalaras-rembetiko-biljetter/1211579346,https://s1.ticketm.net/dam/a/69b/3de099be-daba-400e-a2b1-a963777b469b_RECOMENDATION_16_9.jpg
Stadsvandring med Christopher O'Regan - Grändernas hemligheter,2026-05-02,11:00:00,Gamla stan,Fairs & Festivals,Miscellaneous,https://www.ticketmaster.se/event/stadsvandring-med-christopher-oregan-grandernas-hemligheter-biljetter/578424453,https://s1.ticketm.net/dam/a/506/784570b2-0a86-4a75-8af4-bed7018b7506_CUSTOM.jpg
MAMMA MIA! THE PARTY,2026-05-02,13:00:00,Tyrol,Theatre,Arts & Theatre,https://www.ticketmaster.se/event/mamma-mia-the-party-biljetter/1538951753,https://s1.ticketm.net/dam/e/421/8a7bafc7-e3e0-48de-b200-3e0f1b674421_EVENT_DETAIL_PAGE_16_9.jpg
& Julia,2026-05-02,15:00:00,Cirkus,Theatre,Arts & Theatre,https://www.ticketmaster.se/event/-julia-biljetter/246066373,https://s1.ticketm.net/dam/a/9d5/39c257d4-fad5-4891-8029-070e011c09d5_TABLET_LANDSCAPE_3_2.jpg
Oulouy - Black,2026-05-02,17:00:00,Dansens Hus Blackbox,Dance,Arts & Theatre,https://www.ticketmaster.se/event/oulouy-black-biljetter/642194771,https://s1.ticketm.net/dam/a/3ac/805b0aa6-92b5-4dbe-9f2e-b021d41753ac_TABLET_LANDSCAPE_3_2.jpg
Svartklubben - Mat & Musik i Mörker,2026-05-02,18:00:00,Svartklubben,Theatre,Arts & Theatre,https://www.ticketmaster.se/event/svartklubben-mat--musik-i-morker-biljetter/1939867670,https://s1.ticketm.net/dam/a/841/1c1b2a57-616a-4e71-8e64-37d129780841_TABLET_LANDSCAPE_16_9.jpg
Paradox-Sal WOMAN och Gatuverket Rhythm of the Night! -en double bill,2026-05-02,18:00:00,Dansens Hus - Stora Scen,Dance,Arts & Theatre,https://www.ticketmaster.se/event/paradox-sal-woman-och-gatuverket-rhythm-of-the-night-en-double-bill-biljetter/1684756602,https://s1.ticketm.net/dam/a/89d/e7ed3a10-00f6-4f6f-88b6-67689ac8a89d_RETINA_PORTRAIT_3_2.jpg
MINNESLUCKOR med Jan Rippe och Per Fritzell,2026-05-02,18:00:00,Filadelfia Convention Center,Comedy,Arts & Theatre,https://www.ticketmaster.se/event/minnesluckor-med-jan-rippe-och-per-fritzell-biljetter/18917349,https://s1.ticketm.net/dam/a/e2e/93e971d0-a85a-4bd9-9365-e7b284fa5e2e_TABLET_LANDSCAPE_3_2.jpg
The Blitz,2026-05-02,18:00:00,Göta Lejon,Martial Arts,Sports,https://www.ticketmaster.se/event/the-blitz-biljetter/218050035,https://s1.ticketm.net/dam/e/333/588270db-59cc-4916-b3b9-e6c7abb3a333_CUSTOM.jpg
& Julia,2026-05-02,19:30:00,Cirkus,Theatre,Arts & Theatre,https://www.ticketmaster.se/event/-julia-biljetter/2075911168,https://s1.ticketm.net/dam/a/9d5/39c257d4-fad5-4891-8029-070e011c09d5_TABLET_LANDSCAPE_3_2.jpg
MAMMA MIA! THE PARTY,2026-05-02,19:30:00,Tyrol,Theatre,Arts & Theatre,https://www.ticketmaster.se/event/mamma-mia-the-party-biljetter/1063299089,https://s1.ticketm.net/dam/e/bc9/ee69d70f-d432-4a34-b47b-991d8ef95bc9_SOURCE
MAFFIA COMEDY SUPERWEEKEND med Simon Gärdenfors m.fl,2026-05-02,20:00:00,Clarion Hotel Sign,Comedy,Arts & Theatre,https://www.ticketmaster.se/event/maffia-comedy-superweekend-med-simon-gardenfors-mfl-biljetter/1023455821,https://s1.ticketm.net/dam/a/2f9/43412b6f-da4a-4529-afd0-31ba4b1162f9_RECOMENDATION_16_9.jpg
JUNG,2026-05-02,21:00:00,Berns,Other,Music,https://www.ticketmaster.se/event/jung-biljetter/1502544875,https://s1.ticketm.net/dam/c/4f2/0109888a-61b5-4525-8432-b026ef04f4f2_105631_RETINA_PORTRAIT_16_9.jpg
& Julia,2026-05-03,15:00:00,Cirkus,Theatre,Arts & Theatre,https://www.ticketmaster.se/event/-julia-biljetter/1247356784,https://s1.ticketm.net/dam/a/9d5/39c257d4-fad5-4891-8029-070e011c09d5_TABLET_LANDSCAPE_3_2.jpg
FAMILY SHOW - MAMMA MIA! THE PARTY,2026-05-03,16:00:00,Tyrol,Family,Miscellaneous,https://www.ticketmaster.se/event/familjefest-mamma-mia-the-party-biljetter/111819912,https://s1.ticketm.net/dam/e/d72/772b8772-3bbe-439a-9e85-fb4d2f8d9d72_ARTIST_PAGE_3_2.jpg
Aries: GLASS JAW WORLD TOUR,2026-05-03,19:30:00,Debaser Strand,Other,Music,https://www.ticketmaster.se/event/aries-glass-jaw-world-tour-biljetter/1224912544,https://s1.ticketm.net/dam/e/9bc/e2742ad0-a745-4004-b598-83b3d59a79bc_TABLET_LANDSCAPE_16_9.jpg
Sleeping At Last,2026-05-03,19:30:00,Göta Lejon,Rock,Music,https://www.ticketmaster.se/event/sleeping-at-last-biljetter/105559280,https://s1.ticketm.net/dam/e/9b1/20e3eb8e-9daa-413a-8593-584ebadd19b1_RECOMENDATION_16_9.jpg
Ásgeir,2026-05-03,20:00:00,Slaktkyrkan,Rock,Music,https://www.ticketmaster.se/event/asgeir-biljetter/898939281,https://s1.ticketm.net/dam/a/106/1d6da2f1-e1b8-405f-9d5b-9735ab83f106_EVENT_DETAIL_PAGE_16_9.jpg
Svartklubben - Mat & Musik i Mörker,2026-05-05,18:00:00,Svartklubben,Theatre,Arts & Theatre,https://www.ticketmaster.se/event/svartklubben-mat--musik-i-morker-biljetter/1273747421,https://s1.ticketm.net/dam/a/841/1c1b2a57-616a-4e71-8e64-37d129780841_TABLET_LANDSCAPE_16_9.jpg
Svartklubben - Mat & Musik i Mörker,2026-05-06,18:00:00,Svartklubben,Food & Drink,Miscellaneous,https://www.ticketmaster.se/event/svartklubben-mat--musik-i-morker-biljetter/547134161,https://s1.ticketm.net/dam/a/841/1c1b2a57-616a-4e71-8e64-37d129780841_TABLET_LANDSCAPE_16_9.jpg
Fotbollsmorgon Live – Avsnitt 1000,2026-05-06,19:30:00,Rival,Miscellaneous,Sports,https://www.ticketmaster.se/event/fotbollsmorgon-live--avsnitt-1000-biljetter/1795699945,https://s1.ticketm.net/dam/a/95a/db329281-06fa-470d-960f-59ada671795a_RETINA_PORTRAIT_3_2.jpg
ACCEPT - Half a century of metal 1976-2026,2026-05-06,19:30:00,Cirkus,Rock,Music,https://www.ticketmaster.se/event/accept-half-a-century-of-metal-1976-2026-biljetter/886152562,https://s1.ticketm.net/dam/a/783/4cfb9db7-9c03-4775-8265-464498447783_RECOMENDATION_16_9.jpg
Svartklubben - Mat & Musik i Mörker,2026-05-07,18:00:00,Svartklubben,Theatre,Arts & Theatre,https://www.ticketmaster.se/event/svartklubben-mat--musik-i-morker-biljetter/1010428606,https://s1.ticketm.net/dam/a/841/1c1b2a57-616a-4e71-8e64-37d129780841_TABLET_LANDSCAPE_16_9.jpg
MÖJLIGHETER - en föreställning med BA Prepare ,2026-05-07,18:00:00,Scen Studio Fyra,Dance,Arts & Theatre,https://www.ticketmaster.se/event/mojligheter-en-forestallning-med-ba-prepare-biljetter/402431878,https://s1.ticketm.net/dam/e/7ad/4bf5de6f-c3ff-4843-a034-28bca4ace7ad_RETINA_PORTRAIT_16_9.jpg
MAMMA MIA! THE PARTY,2026-05-07,18:30:00,Tyrol,Theatre,Arts & Theatre,https://www.ticketmaster.se/event/mamma-mia-the-party-biljetter/129509067,https://s1.ticketm.net/dam/e/56a/29c10fef-e8c6-410d-989b-c2f77876556a_TABLET_LANDSCAPE_LARGE_16_9.jpg
Courtney May Robertson - HUNTER,2026-05-07,19:00:00,Dansens Hus Blackbox,Dance,Arts & Theatre,https://www.ticketmaster.se/event/courtney-may-robertson-hunter-biljetter/494841331,https://s1.ticketm.net/dam/a/ee0/adb73b12-dc58-4098-9d99-d87bb8a54ee0_TABLET_LANDSCAPE_3_2.jpg
& Julia,2026-05-07,19:30:00,Cirkus,Theatre,Arts & Theatre,https://www.ticketmaster.se/event/-julia-biljetter/7050478,https://s1.ticketm.net/dam/a/9d5/39c257d4-fad5-4891-8029-070e011c09d5_TABLET_LANDSCAPE_3_2.jpg
MÖJLIGHETER - en föreställning med BA Prepare ,2026-05-07,19:30:00,Scen Studio Fyra,Dance,Arts & Theatre,https://www.ticketmaster.se/event/mojligheter-en-forestallning-med-ba-prepare-biljetter/8838377,https://s1.ticketm.net/dam/e/6ce/3c9e5729-3d4e-494c-b2d1-cf9b755376ce_CUSTOM.jpg
Bo Kaspers Orkester - Il magnifico,2026-05-07,19:30:00,Göta Lejon,Rock,Music,https://www.ticketmaster.se/event/bo-kaspers-orkester-il-magnifico-biljetter/134895645,https://s1.ticketm.net/dam/e/638/2308a370-2d24-44ae-896d-35cdbbda8638_TABLET_LANDSCAPE_3_2.jpg
Björn Säfsten - Haunted desires,2026-05-07,21:00:00,Dansens Hus Studioscen,Dance,Arts & Theatre,https://www.ticketmaster.se/event/bjorn-safsten-hemsokt-atra-biljetter/1246035879,https://s1.ticketm.net/dam/a/917/22132fa2-32a8-48f0-9565-6801e75ab917_RETINA_PORTRAIT_3_2.jpg
Svartklubben - Mat & Musik i Mörker,2026-05-08,18:00:00,Svartklubben,Food & Drink,Miscellaneous,https://www.ticketmaster.se/event/svartklubben-mat--musik-i-morker-biljetter/1310740612,https://s1.ticketm.net/dam/a/841/1c1b2a57-616a-4e71-8e64-37d129780841_TABLET_LANDSCAPE_16_9.jpg
MÖJLIGHETER - en föreställning med BA Prepare ,2026-05-08,18:00:00,Scen Studio Fyra,Dance,Arts & Theatre,https://www.ticketmaster.se/event/mojligheter-en-forestallning-med-ba-prepare-biljetter/432457958,https://s1.ticketm.net/dam/e/821/dbd9ca79-a32e-4f2e-970e-40c9f20c4821_RETINA_PORTRAIT_3_2.jpg
MAMMA MIA! THE PARTY,2026-05-08,18:30:00,Tyrol,Theatre,Arts & Theatre,https://www.ticketmaster.se/event/mamma-mia-the-party-biljetter/106604376,https://s1.ticketm.net/dam/e/932/cdc6d36c-820e-4258-9165-fb87cd762932_RETINA_PORTRAIT_16_9.jpg
 Allhelgonaserien: Efia Abu - Roots reggae och soul på skånska,2026-05-08,19:00:00,Allhelgonakyrkan,Reggae,Music,https://www.ticketmaster.se/event/-allhelgonaserien-efia-abu-roots-reggae-och-soul-pa-skanska-biljetter/1817614053,https://s1.ticketm.net/dam/a/c23/43c3d863-3ce7-4868-973f-009502841c23_TABLET_LANDSCAPE_16_9.jpg
Courtney May Robertson - HUNTER,2026-05-08,19:00:00,Dansens Hus Blackbox,Dance,Arts & Theatre,https://www.ticketmaster.se/event/courtney-may-robertson-hunter-biljetter/347037523,https://s1.ticketm.net/dam/a/ee0/adb73b12-dc58-4098-9d99-d87bb8a54ee0_TABLET_LANDSCAPE_3_2.jpg
Bo Kaspers Orkester - Il magnifico,2026-05-08,19:30:00,Göta Lejon,Spectacular,Arts & Theatre,https://www.ticketmaster.se/event/bo-kaspers-orkester-il-magnifico-biljetter/1243653619,https://s1.ticketm.net/dam/e/75a/c10288f9-4e7a-40f4-badd-96104994275a_RETINA_LANDSCAPE_16_9.jpg
MÖJLIGHETER - en föreställning med BA Prepare ,2026-05-08,19:30:00,Scen Studio Fyra,Dance,Arts & Theatre,https://www.ticketmaster.se/event/mojligheter-en-forestallning-med-ba-prepare-biljetter/35774721,https://s1.ticketm.net/dam/e/b8e/9e6ac8c1-beab-4827-8f9f-bff37447bb8e_CUSTOM.jpg
& Julia,2026-05-08,19:30:00,Cirkus,Theatre,Arts & Theatre,https://www.ticketmaster.se/event/-julia-biljetter/487182108,https://s1.ticketm.net/dam/a/9d5/39c257d4-fad5-4891-8029-070e011c09d5_TABLET_LANDSCAPE_3_2.jpg
MAFFIA COMEDY SUPERWEEKEND med Malin Appeltofft m.fl,2026-05-08,20:00:00,Clarion Hotel Sign,Comedy,Arts & Theatre,https://www.ticketmaster.se/event/maffia-comedy-superweekend-med-malin-appeltofft-mfl-biljetter/1140406033,https://s1.ticketm.net/dam/a/2f9/43412b6f-da4a-4529-afd0-31ba4b1162f9_RECOMENDATION_16_9.jpg
Björn Säfsten - Haunted desires,2026-05-08,21:00:00,Dansens Hus Studioscen,Dance,Arts & Theatre,https://www.ticketmaster.se/event/bjorn-safsten-hemsokt-atra-biljetter/1667783062,https://s1.ticketm.net/dam/a/917/22132fa2-32a8-48f0-9565-6801e75ab917_RETINA_PORTRAIT_3_2.jpg
Stadsvandring med Christopher O'Regan - Grändernas hemligheter,2026-05-09,11:00:00,Gamla stan,Family,Miscellaneous,https://www.ticketmaster.se/event/stadsvandring-med-christopher-oregan-grandernas-hemligheter-biljetter/2048554951,https://s1.ticketm.net/dam/a/506/784570b2-0a86-4a75-8af4-bed7018b7506_CUSTOM.jpg
Kör för alla Vårkonsert,2026-05-09,13:00:00,Filadelfia Convention Center,Classical,Music,https://www.ticketmaster.se/event/kor-for-alla-varkonsert-biljetter/1570262465,https://s1.ticketm.net/dam/e/9a0/914ddd1c-aeb3-4c38-8bcb-9d12fadd29a0_TABLET_LANDSCAPE_LARGE_16_9.jpg
MAMMA MIA! THE PARTY,2026-05-09,13:00:00,Tyrol,Theatre,Arts & Theatre,https://www.ticketmaster.se/event/mamma-mia-the-party-biljetter/697640255,https://s1.ticketm.net/dam/e/f4d/f1fc39aa-a21e-4ae9-9e93-ebc51228ef4d_RETINA_PORTRAIT_3_2.jpg
& Julia,2026-05-09,15:00:00,Cirkus,Theatre,Arts & Theatre,https://www.ticketmaster.se/event/-julia-biljetter/314759169,https://s1.ticketm.net/dam/a/9d5/39c257d4-fad5-4891-8029-070e011c09d5_TABLET_LANDSCAPE_3_2.jpg
Bo Kaspers Orkester - Il magnifico,2026-05-09,16:00:00,Göta Lejon,Spectacular,Arts & Theatre,https://www.ticketmaster.se/event/bo-kaspers-orkester-il-magnifico-biljetter/1219632382,https://s1.ticketm.net/dam/e/c20/72ea58c3-6fb2-4a60-a4b8-1def8d026c20_EVENT_DETAIL_PAGE_16_9.jpg
Kör för alla Vårkonsert,2026-05-09,16:30:00,Filadelfia Convention Center,Classical,Music,https://www.ticketmaster.se/event/kor-for-alla-varkonsert-biljetter/645469812,https://s1.ticketm.net/dam/e/150/2252e38f-1629-43b2-a2af-9477c87bd150_RECOMENDATION_16_9.jpg
Svartklubben - Mat & Musik i Mörker,2026-05-09,18:00:00,Svartklubben,Food & Drink,Miscellaneous,https://www.ticketmaster.se/event/svartklubben-mat--musik-i-morker-biljetter/1422417306,https://s1.ticketm.net/dam/a/841/1c1b2a57-616a-4e71-8e64-37d129780841_TABLET_LANDSCAPE_16_9.jpg
ur Bachs solopartitor för klaver med Bengt Forsberg,2026-05-09,18:00:00,Allhelgonakyrkan,Classical,Arts & Theatre,https://www.ticketmaster.se/event/ur-bachs-solopartitor-for-klaver-med-bengt-forsberg-biljetter/1171151181,https://s1.ticketm.net/dam/a/c23/43c3d863-3ce7-4868-973f-009502841c23_TABLET_LANDSCAPE_16_9.jpg
Scenkursföreställning v.19 – Beyond the Screen,2026-05-09,19:00:00,Scen Studio Fyra,Dance,Arts & Theatre,https://www.ticketmaster.se/event/scenkursforestallning-v19--beyond-the-screen-biljetter/2090656675,https://s1.ticketm.net/dam/e/223/391ea978-6c16-4566-af69-08881fb5c223_RETINA_PORTRAIT_3_2.jpg
Hasse Brontén - Daddy Deluxe,2026-05-09,19:00:00,Bio Skandia,Comedy,Arts & Theatre,https://www.ticketmaster.se/event/hasse-bronten-daddy-deluxe-biljetter/1283064625,https://s1.ticketm.net/dam/a/5c2/51a1b099-654f-44bd-9641-641fd1cf85c2_RECOMENDATION_16_9.jpg
Bo Kaspers Orkester - Il magnifico,2026-05-09,19:30:00,Göta Lejon,Spectacular,Arts & Theatre,https://www.ticketmaster.se/event/bo-kaspers-orkester-il-magnifico-biljetter/1615581222,https://s1.ticketm.net/dam/e/486/aa29958f-e440-4329-b2d4-d8b774e23486_RETINA_LANDSCAPE_16_9.jpg
MAMMA MIA! THE PARTY,2026-05-09,19:30:00,Tyrol,Theatre,Arts & Theatre,https://www.ticketmaster.se/event/mamma-mia-the-party-biljetter/296304069,https://s1.ticketm.net/dam/e/039/434ccb88-f19e-472b-b738-df62b617f039_TABLET_LANDSCAPE_16_9.jpg
& Julia,2026-05-09,19:30:00,Cirkus,Theatre,Arts & Theatre,https://www.ticketmaster.se/event/-julia-biljetter/110249588,https://s1.ticketm.net/dam/a/9d5/39c257d4-fad5-4891-8029-070e011c09d5_TABLET_LANDSCAPE_3_2.jpg
Bongos Bingo Sverigepremiär,2026-05-09,20:00:00,Münchenbryggeriet,Theatre,Arts & Theatre,https://www.ticketmaster.se/event/bongos-bingo-sverigepremiar-biljetter/251394569,https://s1.ticketm.net/dam/a/a75/1c1ecd26-df8b-4eba-890e-19d74f03da75_TABLET_LANDSCAPE_LARGE_16_9.jpg
MAFFIA COMEDY SUPERWEEKEND med Malin Appeltofft m.fl,2026-05-09,20:00:00,Clarion Hotel Sign,Comedy,Arts & Theatre,https://www.ticketmaster.se/event/maffia-comedy-superweekend-med-malin-appeltofft-mfl-biljetter/531662767,https://s1.ticketm.net/dam/a/2f9/43412b6f-da4a-4529-afd0-31ba4b1162f9_RECOMENDATION_16_9.jpg
& Julia,2026-05-10,15:00:00,Cirkus,Theatre,Arts & Theatre,https://www.ticketmaster.se/event/-julia-biljetter/1702970495,https://s1.ticketm.net/dam/a/9d5/39c257d4-fad5-4891-8029-070e011c09d5_TABLET_LANDSCAPE_3_2.jpg
Scenkursföreställning v.19 – Beyond the Screen,2026-05-10,16:00:00,Scen Studio Fyra,Dance,Arts & Theatre,https://www.ticketmaster.se/event/scenkursforestallning-v19--beyond-the-screen-biljetter/474384734,https://s1.ticketm.net/dam/e/c52/9c7807c7-df2c-4c52-a74d-36c41a063c52_TABLET_LANDSCAPE_LARGE_16_9.jpg
Scenkursföreställning v.19 – Beyond the Screen,2026-05-10,17:30:00,Scen Studio Fyra,Dance,Arts & Theatre,https://www.ticketmaster.se/event/scenkursforestallning-v19--beyond-the-screen-biljetter/293953713,https://s1.ticketm.net/dam/e/9bb/4468aa21-257f-40e5-87e7-73460b8cd9bb_RETINA_LANDSCAPE_16_9.jpg
Scenkursföreställning v.19 – Beyond the Screen,2026-05-10,19:00:00,Scen Studio Fyra,Dance,Arts & Theatre,https://www.ticketmaster.se/event/scenkursforestallning-v19--beyond-the-screen-biljetter/44614427,https://s1.ticketm.net/dam/e/da4/cfc8792e-a380-4598-b7d9-231f3f54cda4_ARTIST_PAGE_3_2.jpg
THE COMMONERS,2026-05-10,,Debaser Nova,Family,Miscellaneous,https://www.ticketmaster.se/event/the-commoners-biljetter/364686094,https://s1.ticketm.net/dam/c/fbc/b293c0ad-c904-4215-bc59-8d7f2414dfbc_106141_TABLET_LANDSCAPE_3_2.jpg
Rhône in White 2026 – Vårens vitaste vinupplevelse!,2026-05-11,17:00:00,Moderna museet,Food & Drink,Miscellaneous,https://www.universe.com/events/rhone-in-white-2026-varens-vitaste-vinupplevelse-tickets-Q4PSBC?ref=ticketmaster,"https://images.universe.com/0d54b243-ce35-43d8-b003-a9cb870a9df8/-/resize/1200x/-/crop/1079x1079/64,438/-/format/jpeg/-/scale_crop/305x203/center/-/progressive/yes/-/inline/yes/"
Svartklubben - Mat & Musik i Mörker,2026-05-12,18:00:00,Svartklubben,Food & Drink,Miscellaneous,https://www.ticketmaster.se/event/svartklubben-mat--musik-i-morker-biljetter/1079864758,https://s1.ticketm.net/dam/a/841/1c1b2a57-616a-4e71-8e64-37d129780841_TABLET_LANDSCAPE_16_9.jpg
Forever Jackson,2026-05-12,19:30:00,Göta Lejon,Rock,Music,https://www.ticketmaster.se/event/forever-jackson-biljetter/1902775205,https://s1.ticketm.net/dam/e/f37/83777178-c840-4279-a298-281eb0ff4f37_ARTIST_PAGE_3_2.jpg
Wet Mess - TESTO,2026-05-12,20:00:00,Dansens Hus Blackbox,Dance,Arts & Theatre,https://www.ticketmaster.se/event/wet-mess-testo-biljetter/1226229623,https://s1.ticketm.net/dam/e/607/cd69a173-8be1-47ac-90fe-8b5276fde607_TABLET_LANDSCAPE_LARGE_16_9.jpg
Wet Mess - TESTO,2026-05-13,20:00:00,Dansens Hus Blackbox,Dance,Arts & Theatre,https://www.ticketmaster.se/event/wet-mess-testo-biljetter/23129161,https://s1.ticketm.net/dam/e/569/77cab6f2-c5c6-46a8-8aed-7e72553ee569_SOURCE
Sasha Velour - Travesty,2026-05-13,20:00:00,Göta Lejon,Spectacular,Arts & Theatre,https://www.ticketmaster.se/event/sasha-velour-travesty-biljetter/251098747,https://s1.ticketm.net/dam/e/f42/dbfba9e1-23fe-4c84-b904-1e776a906f42_RETINA_PORTRAIT_3_2.jpg
Svartklubben - Mat & Musik i Mörker,2026-05-14,18:00:00,Svartklubben,Food & Drink,Miscellaneous,https://www.ticketmaster.se/event/svartklubben-mat--musik-i-morker-biljetter/1130071936,https://s1.ticketm.net/dam/a/841/1c1b2a57-616a-4e71-8e64-37d129780841_TABLET_LANDSCAPE_16_9.jpg
MAMMA MIA! THE PARTY,2026-05-14,18:30:00,Tyrol,Theatre,Arts & Theatre,https://www.ticketmaster.se/event/mamma-mia-the-party-biljetter/260438430,https://s1.ticketm.net/dam/e/6d7/0fd6f6c6-d3b4-419b-bda9-5893a07896d7_TABLET_LANDSCAPE_16_9.jpg
ALOK,2026-05-14,19:00:00,Nya Cirkus,Comedy,Arts & Theatre,https://www.ticketmaster.se/event/alok-biljetter/1595738674,https://s1.ticketm.net/dam/e/5e2/02813b34-b6fe-4c5a-924b-32a9b0c715e2_TABLET_LANDSCAPE_LARGE_16_9.jpg
& Julia,2026-05-14,19:30:00,Cirkus,Theatre,Arts & Theatre,https://www.ticketmaster.se/event/-julia-biljetter/1888103777,https://s1.ticketm.net/dam/a/9d5/39c257d4-fad5-4891-8029-070e011c09d5_TABLET_LANDSCAPE_3_2.jpg
Svartklubben - Mat & Musik i Mörker,2026-05-15,18:00:00,Svartklubben,Food & Drink,Miscellaneous,https://www.ticketmaster.se/event/svartklubben-mat--musik-i-morker-biljetter/310765471,https://s1.ticketm.net/dam/a/841/1c1b2a57-616a-4e71-8e64-37d129780841_TABLET_LANDSCAPE_16_9.jpg
MAMMA MIA! THE PARTY,2026-05-15,18:30:00,Tyrol,Theatre,Arts & Theatre,https://www.ticketmaster.se/event/mamma-mia-the-party-biljetter/1308322457,https://s1.ticketm.net/dam/e/670/9a5167a0-92f9-4ccb-9a2a-c4c49e788670_TABLET_LANDSCAPE_LARGE_16_9.jpg
Pjäsen som går åt helvete,2026-05-15,19:30:00,Göta Lejon,Comedy,Arts & Theatre,https://www.ticketmaster.se/event/pjasen-som-gar-at-helvete-biljetter/1887603375,https://s1.ticketm.net/dam/a/cea/31ae467b-1370-43cf-b452-35e3bd5decea_RECOMENDATION_16_9.jpg
& Julia,2026-05-15,19:30:00,Cirkus,Theatre,Arts & Theatre,https://www.ticketmaster.se/event/-julia-biljetter/133607460,https://s1.ticketm.net/dam/a/9d5/39c257d4-fad5-4891-8029-070e011c09d5_TABLET_LANDSCAPE_3_2.jpg
MAFFIA COMEDY SUPERWEEKEND med Jonathan Rollins m.fl,2026-05-15,20:00:00,Clarion Hotel Sign,Comedy,Arts & Theatre,https://www.ticketmaster.se/event/maffia-comedy-superweekend-med-jonathan-rollins-mfl-biljetter/1333095800,https://s1.ticketm.net/dam/a/2f9/43412b6f-da4a-4529-afd0-31ba4b1162f9_RECOMENDATION_16_9.jpg
Comedy Store,2026-05-15,20:00:00,The Laugh House på Scandic Klara,Comedy,Arts & Theatre,https://www.ticketmaster.se/event/comedy-store-biljetter/1977472792,https://s1.ticketm.net/dam/a/c84/3cbb4874-e6ce-493e-9b2e-98d7b6bf0c84_RETINA_PORTRAIT_3_2.jpg
Stadsvandring med Christopher O'Regan - Grändernas hemligheter,2026-05-16,11:00:00,Gamla stan,Family,Miscellaneous,https://www.ticketmaster.se/event/stadsvandring-med-christopher-oregan-grandernas-hemligheter-biljetter/130724559,https://s1.ticketm.net/dam/a/506/784570b2-0a86-4a75-8af4-bed7018b7506_CUSTOM.jpg
MAMMA MIA! THE PARTY,2026-05-16,13:00:00,Tyrol,Theatre,Arts & Theatre,https://www.ticketmaster.se/event/mamma-mia-the-party-biljetter/2051576656,https://s1.ticketm.net/dam/a/08d/3e62af05-2974-4fea-836f-c0c75ed0008d_RETINA_LANDSCAPE_16_9.jpg
& Julia,2026-05-16,15:00:00,Cirkus,Theatre,Arts & Theatre,https://www.ticketmaster.se/event/-julia-biljetter/1295726039,https://s1.ticketm.net/dam/a/9d5/39c257d4-fad5-4891-8029-070e011c09d5_TABLET_LANDSCAPE_3_2.jpg
Pjäsen som går åt helvete,2026-05-16,16:00:00,Göta Lejon,Comedy,Arts & Theatre,https://www.ticketmaster.se/event/pjasen-som-gar-at-helvete-biljetter/1433901194,https://s1.ticketm.net/dam/a/cea/31ae467b-1370-43cf-b452-35e3bd5decea_RECOMENDATION_16_9.jpg
Svartklubben - Mat & Musik i Mörker,2026-05-16,18:00:00,Svartklubben,Food & Drink,Miscellaneous,https://www.ticketmaster.se/event/svartklubben-mat--musik-i-morker-biljetter/259611613,https://s1.ticketm.net/dam/a/841/1c1b2a57-616a-4e71-8e64-37d129780841_TABLET_LANDSCAPE_16_9.jpg
Scenkursföreställning v.20 – Pictures in Motion,2026-05-16,19:00:00,Scen Studio Fyra,Dance,Arts & Theatre,https://www.ticketmaster.se/event/scenkursforestallning-v20--pictures-in-motion-biljetter/1494083934,https://s1.ticketm.net/dam/e/a6e/422954a3-f072-4729-9c4a-449d6534ea6e_RETINA_LANDSCAPE_16_9.jpg
